1000,'QB1','Ryan Fitzpatrick',0,0,0,0,0,0,0,0,0,0,0,0,0,0,0,0,0,0,0,0,0,0,0,0,0,0,0,0,'BUF','OPP','OK',0
1001,'QB2','Brian Brohm',0,0,0,0,0,0,0,0,0,0,0,0,0,0,0,0,0,0,0,0,0,0,0,0,0,0,0,0,'BUF','OPP','OK',0
1002,'RB1','Fred Jackson',0,0,0,0,0,0,0,0,0,0,0,0,0,0,0,0,0,0,0,0,0,0,0,0,0,0,0,0,'BUF','OPP','OK',0
1003,'RB2','C.J. Spiller',0,0,0,0,0,0,0,0,0,0,0,0,0,0,0,0,0,0,0,0,0,0,0,0,0,0,0,0,'BUF','OPP','OK',0
1004,'RB3','Cory Mcintyre',0,0,0,0,0,0,0,0,0,0,0,0,0,0,0,0,0,0,0,0,0,0,0,0,0,0,0,0,'BUF','OPP','OK',0
1005,'RB4','Quinton Ganther',0,0,0,0,0,0,0,0,0,0,0,0,0,0,0,0,0,0,0,0,0,0,0,0,0,0,0,0,'BUF','OPP','OK',0
1006,'WR1','Lee Evans',0,0,0,0,0,0,0,0,0,0,0,0,0,0,0,0,0,0,0,0,0,0,0,0,0,0,0,0,'BUF','OPP','OK',0
1007,'WR2','Steve Johnson',0,0,0,0,0,0,0,0,0,0,0,0,0,0,0,0,0,0,0,0,0,0,0,0,0,0,0,0,'BUF','OPP','OK',0
1008,'WR3','Roscoe Parrish',0,0,0,0,0,0,0,0,0,0,0,0,0,0,0,0,0,0,0,0,0,0,0,0,0,0,0,0,'BUF','OPP','OK',0
1009,'WR4','David Nelson',0,0,0,0,0,0,0,0,0,0,0,0,0,0,0,0,0,0,0,0,0,0,0,0,0,0,0,0,'BUF','OPP','OK',0
1010,'TE1','David Martin',0,0,0,0,0,0,0,0,0,0,0,0,0,0,0,0,0,0,0,0,0,0,0,0,0,0,0,0,'BUF','OPP','OK',0
1011,'TE2','Jonathan Stupar',0,0,0,0,0,0,0,0,0,0,0,0,0,0,0,0,0,0,0,0,0,0,0,0,0,0,0,0,'BUF','OPP','OK',0
1012,'K','Ryan Lindell',0,0,0,0,0,0,0,0,0,0,0,0,0,0,0,0,0,0,0,0,0,0,0,0,0,0,0,0,'BUF','OPP','OK',0
1013,'QB1','Chad Henne',0,0,0,0,0,0,0,0,0,0,0,0,0,0,0,0,0,0,0,0,0,0,0,0,0,0,0,0,'MIA','OPP','OK',0
1014,'QB2','Tyler Thigpen',0,0,0,0,0,0,0,0,0,0,0,0,0,0,0,0,0,0,0,0,0,0,0,0,0,0,0,0,'MIA','OPP','OK',0
1015,'RB1','Ronnie Brown',0,0,0,0,0,0,0,0,0,0,0,0,0,0,0,0,0,0,0,0,0,0,0,0,0,0,0,0,'MIA','OPP','OK',0
1016,'RB2','Ricky Williams',0,0,0,0,0,0,0,0,0,0,0,0,0,0,0,0,0,0,0,0,0,0,0,0,0,0,0,0,'MIA','OPP','OK',0
1017,'RB3','Lousaka Polite',0,0,0,0,0,0,0,0,0,0,0,0,0,0,0,0,0,0,0,0,0,0,0,0,0,0,0,0,'MIA','OPP','OK',0
1018,'RB4','Patrick Cobbs',0,0,0,0,0,0,0,0,0,0,0,0,0,0,0,0,0,0,0,0,0,0,0,0,0,0,0,0,'MIA','OPP','OK',0
1019,'WR1','Brandon Marshall',0,0,0,0,0,0,0,0,0,0,0,0,0,0,0,0,0,0,0,0,0,0,0,0,0,0,0,0,'MIA','OPP','OK',0
1020,'WR2','Davone Bess',0,0,0,0,0,0,0,0,0,0,0,0,0,0,0,0,0,0,0,0,0,0,0,0,0,0,0,0,'MIA','OPP','OK',0
1021,'WR3','Brian Hartline',0,0,0,0,0,0,0,0,0,0,0,0,0,0,0,0,0,0,0,0,0,0,0,0,0,0,0,0,'MIA','OPP','OK',0
1022,'WR4','Roberto Wallace',0,0,0,0,0,0,0,0,0,0,0,0,0,0,0,0,0,0,0,0,0,0,0,0,0,0,0,0,'MIA','OPP','OK',0
1023,'TE1','Anthony Fasano',0,0,0,0,0,0,0,0,0,0,0,0,0,0,0,0,0,0,0,0,0,0,0,0,0,0,0,0,'MIA','OPP','OK',0
1024,'TE2','Jeron Mastrud',0,0,0,0,0,0,0,0,0,0,0,0,0,0,0,0,0,0,0,0,0,0,0,0,0,0,0,0,'MIA','OPP','OK',0
1025,'K','Dan Carpenter',0,0,0,0,0,0,0,0,0,0,0,0,0,0,0,0,0,0,0,0,0,0,0,0,0,0,0,0,'MIA','OPP','OK',0
1026,'QB1','Tom Brady',0,0,0,0,0,0,0,0,0,0,0,0,0,0,0,0,0,0,0,0,0,0,0,0,0,0,0,0,'NE ','OPP','OK',0
1027,'QB2','Brian Hoyer',0,0,0,0,0,0,0,0,0,0,0,0,0,0,0,0,0,0,0,0,0,0,0,0,0,0,0,0,'NE ','OPP','OK',0
1028,'RB1','B. Green Ellis',0,0,0,0,0,0,0,0,0,0,0,0,0,0,0,0,0,0,0,0,0,0,0,0,0,0,0,0,'NE ','OPP','OK',0
1029,'RB2','Sammy Morris',0,0,0,0,0,0,0,0,0,0,0,0,0,0,0,0,0,0,0,0,0,0,0,0,0,0,0,0,'NE ','OPP','OK',0
1030,'RB3','Danny Woodhead',0,0,0,0,0,0,0,0,0,0,0,0,0,0,0,0,0,0,0,0,0,0,0,0,0,0,0,0,'NE ','OPP','OK',0
1031,'RB4','Fred Taylor',0,0,0,0,0,0,0,0,0,0,0,0,0,0,0,0,0,0,0,0,0,0,0,0,0,0,0,0,'NE ','OPP','OK',0
1032,'WR1','Wes Welker',0,0,0,0,0,0,0,0,0,0,0,0,0,0,0,0,0,0,0,0,0,0,0,0,0,0,0,0,'NE ','OPP','OK',0
1033,'WR2','Deion Branch',0,0,0,0,0,0,0,0,0,0,0,0,0,0,0,0,0,0,0,0,0,0,0,0,0,0,0,0,'NE ','OPP','OK',0
1034,'WR3','Brandon Tate',0,0,0,0,0,0,0,0,0,0,0,0,0,0,0,0,0,0,0,0,0,0,0,0,0,0,0,0,'NE ','OPP','OK',0
1035,'WR4','Julian Edelman',0,0,0,0,0,0,0,0,0,0,0,0,0,0,0,0,0,0,0,0,0,0,0,0,0,0,0,0,'NE ','OPP','OK',0
1036,'TE1','Rob Gronkowski',0,0,0,0,0,0,0,0,0,0,0,0,0,0,0,0,0,0,0,0,0,0,0,0,0,0,0,0,'NE ','OPP','OK',0
1037,'TE2','A. Hernandez',0,0,0,0,0,0,0,0,0,0,0,0,0,0,0,0,0,0,0,0,0,0,0,0,0,0,0,0,'NE ','OPP','OK',0
1038,'K','S. Gostkowski',0,0,0,0,0,0,0,0,0,0,0,0,0,0,0,0,0,0,0,0,0,0,0,0,0,0,0,0,'NE ','OPP','OK',0
1039,'QB1','Mark Sanchez',0,0,0,0,0,0,0,0,0,0,0,0,0,0,0,0,0,0,0,0,0,0,0,0,0,0,0,0,'NYJ','OPP','OK',0
1040,'QB2','Mark Brunell',0,0,0,0,0,0,0,0,0,0,0,0,0,0,0,0,0,0,0,0,0,0,0,0,0,0,0,0,'NYJ','OPP','OK',0
1041,'RB1','L. Tomlinson',0,0,0,0,0,0,0,0,0,0,0,0,0,0,0,0,0,0,0,0,0,0,0,0,0,0,0,0,'NYJ','OPP','OK',0
1042,'RB2','Shonn Greene',0,0,0,0,0,0,0,0,0,0,0,0,0,0,0,0,0,0,0,0,0,0,0,0,0,0,0,0,'NYJ','OPP','OK',0
1043,'RB3','Tony Richardson',0,0,0,0,0,0,0,0,0,0,0,0,0,0,0,0,0,0,0,0,0,0,0,0,0,0,0,0,'NYJ','OPP','OK',0
1044,'RB4','J. Mcknight',0,0,0,0,0,0,0,0,0,0,0,0,0,0,0,0,0,0,0,0,0,0,0,0,0,0,0,0,'NYJ','OPP','OK',0
1045,'WR1','Santonio Holmes',0,0,0,0,0,0,0,0,0,0,0,0,0,0,0,0,0,0,0,0,0,0,0,0,0,0,0,0,'NYJ','OPP','OK',0
1046,'WR2','Braylon Edwards',0,0,0,0,0,0,0,0,0,0,0,0,0,0,0,0,0,0,0,0,0,0,0,0,0,0,0,0,'NYJ','OPP','OK',0
1047,'WR3','Jericho Cotchery',0,0,0,0,0,0,0,0,0,0,0,0,0,0,0,0,0,0,0,0,0,0,0,0,0,0,0,0,'NYJ','OPP','OK',0
1048,'WR4','Brad Smith',0,0,0,0,0,0,0,0,0,0,0,0,0,0,0,0,0,0,0,0,0,0,0,0,0,0,0,0,'NYJ','OPP','OK',0
1049,'TE1','Dustin Keller',0,0,0,0,0,0,0,0,0,0,0,0,0,0,0,0,0,0,0,0,0,0,0,0,0,0,0,0,'NYJ','OPP','OK',0
1050,'TE2','Ben Hartsock',0,0,0,0,0,0,0,0,0,0,0,0,0,0,0,0,0,0,0,0,0,0,0,0,0,0,0,0,'NYJ','OPP','OK',0
1051,'K','Nick Folk',0,0,0,0,0,0,0,0,0,0,0,0,0,0,0,0,0,0,0,0,0,0,0,0,0,0,0,0,'NYJ','OPP','OK',0
1052,'QB1','Carson Palmer',0,0,0,0,0,0,0,0,0,0,0,0,0,0,0,0,0,0,0,0,0,0,0,0,0,0,0,0,'CIN','OPP','OK',0
1053,'QB2','Dan Lefevour',0,0,0,0,0,0,0,0,0,0,0,0,0,0,0,0,0,0,0,0,0,0,0,0,0,0,0,0,'CIN','OPP','OK',0
1054,'RB1','Cedric Benson',0,0,0,0,0,0,0,0,0,0,0,0,0,0,0,0,0,0,0,0,0,0,0,0,0,0,0,0,'CIN','OPP','OK',0
1055,'RB2','Chris Pressley',0,0,0,0,0,0,0,0,0,0,0,0,0,0,0,0,0,0,0,0,0,0,0,0,0,0,0,0,'CIN','OPP','OK',0
1056,'RB3','Bernard Scott',0,0,0,0,0,0,0,0,0,0,0,0,0,0,0,0,0,0,0,0,0,0,0,0,0,0,0,0,'CIN','OPP','OK',0
1057,'RB4','Brian Leonard',0,0,0,0,0,0,0,0,0,0,0,0,0,0,0,0,0,0,0,0,0,0,0,0,0,0,0,0,'CIN','OPP','OK',0
1058,'WR1','Chad Ochocinco',0,0,0,0,0,0,0,0,0,0,0,0,0,0,0,0,0,0,0,0,0,0,0,0,0,0,0,0,'CIN','OPP','OK',0
1059,'WR2','Terrell Owens',0,0,0,0,0,0,0,0,0,0,0,0,0,0,0,0,0,0,0,0,0,0,0,0,0,0,0,0,'CIN','OPP','OK',0
1060,'WR3','Jordan Shipley',0,0,0,0,0,0,0,0,0,0,0,0,0,0,0,0,0,0,0,0,0,0,0,0,0,0,0,0,'CIN','OPP','OK',0
1061,'WR4','Jerome Simpson',0,0,0,0,0,0,0,0,0,0,0,0,0,0,0,0,0,0,0,0,0,0,0,0,0,0,0,0,'CIN','OPP','OK',0
1062,'TE1','Jermaine Gresham',0,0,0,0,0,0,0,0,0,0,0,0,0,0,0,0,0,0,0,0,0,0,0,0,0,0,0,0,'CIN','OPP','OK',0
1063,'TE2','Reggie Kelly',0,0,0,0,0,0,0,0,0,0,0,0,0,0,0,0,0,0,0,0,0,0,0,0,0,0,0,0,'CIN','OPP','OK',0
1064,'K','Mike Nugent',0,0,0,0,0,0,0,0,0,0,0,0,0,0,0,0,0,0,0,0,0,0,0,0,0,0,0,0,'CIN','OPP','OK',0
1065,'QB1','Colt Mccoy',0,0,0,0,0,0,0,0,0,0,0,0,0,0,0,0,0,0,0,0,0,0,0,0,0,0,0,0,'CLE','OPP','OK',0
1066,'QB2','Seneca Wallace',0,0,0,0,0,0,0,0,0,0,0,0,0,0,0,0,0,0,0,0,0,0,0,0,0,0,0,0,'CLE','OPP','OK',0
1067,'RB1','Peyton Hillis',0,0,0,0,0,0,0,0,0,0,0,0,0,0,0,0,0,0,0,0,0,0,0,0,0,0,0,0,'CLE','OPP','OK',0
1068,'RB2','L. Vickers',0,0,0,0,0,0,0,0,0,0,0,0,0,0,0,0,0,0,0,0,0,0,0,0,0,0,0,0,'CLE','OPP','OK',0
1069,'RB3','Mike Bell',0,0,0,0,0,0,0,0,0,0,0,0,0,0,0,0,0,0,0,0,0,0,0,0,0,0,0,0,'CLE','OPP','OK',0
1070,'RB4','M. Hardesty',0,0,0,0,0,0,0,0,0,0,0,0,0,0,0,0,0,0,0,0,0,0,0,0,0,0,0,0,'CLE','OPP','OK',0
1071,'WR1','M. Massaquoi',0,0,0,0,0,0,0,0,0,0,0,0,0,0,0,0,0,0,0,0,0,0,0,0,0,0,0,0,'CLE','OPP','OK',0
1072,'WR2','Josh Cribbs',0,0,0,0,0,0,0,0,0,0,0,0,0,0,0,0,0,0,0,0,0,0,0,0,0,0,0,0,'CLE','OPP','OK',0
1073,'WR3','Brian Robiskie',0,0,0,0,0,0,0,0,0,0,0,0,0,0,0,0,0,0,0,0,0,0,0,0,0,0,0,0,'CLE','OPP','OK',0
1074,'WR4','Chansi Stuckey',0,0,0,0,0,0,0,0,0,0,0,0,0,0,0,0,0,0,0,0,0,0,0,0,0,0,0,0,'CLE','OPP','OK',0
1075,'TE1','Ben Watson',0,0,0,0,0,0,0,0,0,0,0,0,0,0,0,0,0,0,0,0,0,0,0,0,0,0,0,0,'CLE','OPP','OK',0
1076,'TE2','Evan Moore',0,0,0,0,0,0,0,0,0,0,0,0,0,0,0,0,0,0,0,0,0,0,0,0,0,0,0,0,'CLE','OPP','OK',0
1077,'K','Phil Dawson',0,0,0,0,0,0,0,0,0,0,0,0,0,0,0,0,0,0,0,0,0,0,0,0,0,0,0,0,'CLE','OPP','OK',0
1078,'QB1','Joe Flacco',0,0,0,0,0,0,0,0,0,0,0,0,0,0,0,0,0,0,0,0,0,0,0,0,0,0,0,0,'BAL','OPP','OK',0
1079,'QB2','Marc Bulger',0,0,0,0,0,0,0,0,0,0,0,0,0,0,0,0,0,0,0,0,0,0,0,0,0,0,0,0,'BAL','OPP','OK',0
1080,'RB1','Ray Rice',0,0,0,0,0,0,0,0,0,0,0,0,0,0,0,0,0,0,0,0,0,0,0,0,0,0,0,0,'BAL','OPP','OK',0
1081,'RB2','Leron Mcclain',0,0,0,0,0,0,0,0,0,0,0,0,0,0,0,0,0,0,0,0,0,0,0,0,0,0,0,0,'BAL','OPP','OK',0
1082,'RB3','Willis Mcgahee',0,0,0,0,0,0,0,0,0,0,0,0,0,0,0,0,0,0,0,0,0,0,0,0,0,0,0,0,'BAL','OPP','OK',0
1083,'RB4','Jalen Parmele',0,0,0,0,0,0,0,0,0,0,0,0,0,0,0,0,0,0,0,0,0,0,0,0,0,0,0,0,'BAL','OPP','OK',0
1084,'WR1','Derrick Mason',0,0,0,0,0,0,0,0,0,0,0,0,0,0,0,0,0,0,0,0,0,0,0,0,0,0,0,0,'BAL','OPP','OK',0
1085,'WR2','Anquan Boldin',0,0,0,0,0,0,0,0,0,0,0,0,0,0,0,0,0,0,0,0,0,0,0,0,0,0,0,0,'BAL','OPP','OK',0
1086,'WR3','Tj Houshmandzada',0,0,0,0,0,0,0,0,0,0,0,0,0,0,0,0,0,0,0,0,0,0,0,0,0,0,0,0,'BAL','OPP','OK',0
1087,'WR4','D. Stallworth',0,0,0,0,0,0,0,0,0,0,0,0,0,0,0,0,0,0,0,0,0,0,0,0,0,0,0,0,'BAL','OPP','OK',0
1088,'TE1','Todd Heap',0,0,0,0,0,0,0,0,0,0,0,0,0,0,0,0,0,0,0,0,0,0,0,0,0,0,0,0,'BAL','OPP','OK',0
1089,'TE2','E. Dickson',0,0,0,0,0,0,0,0,0,0,0,0,0,0,0,0,0,0,0,0,0,0,0,0,0,0,0,0,'BAL','OPP','OK',0
1090,'K','Billy Cundiff',0,0,0,0,0,0,0,0,0,0,0,0,0,0,0,0,0,0,0,0,0,0,0,0,0,0,0,0,'BAL','OPP','OK',0
1091,'QB1','B. Roethlisberger',0,0,0,0,0,0,0,0,0,0,0,0,0,0,0,0,0,0,0,0,0,0,0,0,0,0,0,0,'PIT','OPP','OK',0
1092,'QB2','B. Leftwich',0,0,0,0,0,0,0,0,0,0,0,0,0,0,0,0,0,0,0,0,0,0,0,0,0,0,0,0,'PIT','OPP','OK',0
1093,'RB1','R. Mendenhall',0,0,0,0,0,0,0,0,0,0,0,0,0,0,0,0,0,0,0,0,0,0,0,0,0,0,0,0,'PIT','OPP','OK',0
1094,'RB2','David Johnson',0,0,0,0,0,0,0,0,0,0,0,0,0,0,0,0,0,0,0,0,0,0,0,0,0,0,0,0,'PIT','OPP','OK',0
1095,'RB3','Mewelde Moore',0,0,0,0,0,0,0,0,0,0,0,0,0,0,0,0,0,0,0,0,0,0,0,0,0,0,0,0,'PIT','OPP','OK',0
1096,'RB4','Johnathan Dwyer',0,0,0,0,0,0,0,0,0,0,0,0,0,0,0,0,0,0,0,0,0,0,0,0,0,0,0,0,'PIT','OPP','OK',0
1097,'WR1','Hines Ward',0,0,0,0,0,0,0,0,0,0,0,0,0,0,0,0,0,0,0,0,0,0,0,0,0,0,0,0,'PIT','OPP','OK',0
1098,'WR2','Mike Wallace',0,0,0,0,0,0,0,0,0,0,0,0,0,0,0,0,0,0,0,0,0,0,0,0,0,0,0,0,'PIT','OPP','OK',0
1099,'WR3','A.  Randle.El',0,0,0,0,0,0,0,0,0,0,0,0,0,0,0,0,0,0,0,0,0,0,0,0,0,0,0,0,'PIT','OPP','OK',0
1100,'WR4','E. Sanders',0,0,0,0,0,0,0,0,0,0,0,0,0,0,0,0,0,0,0,0,0,0,0,0,0,0,0,0,'PIT','OPP','OK',0
1101,'TE1','Heath Miller',0,0,0,0,0,0,0,0,0,0,0,0,0,0,0,0,0,0,0,0,0,0,0,0,0,0,0,0,'PIT','OPP','OK',0
1102,'TE2','Matt Spaeth',0,0,0,0,0,0,0,0,0,0,0,0,0,0,0,0,0,0,0,0,0,0,0,0,0,0,0,0,'PIT','OPP','OK',0
1103,'K','Shaun Suisham',0,0,0,0,0,0,0,0,0,0,0,0,0,0,0,0,0,0,0,0,0,0,0,0,0,0,0,0,'PIT','OPP','OK',0
1104,'QB1','Peyton Manning',0,0,0,0,0,0,0,0,0,0,0,0,0,0,0,0,0,0,0,0,0,0,0,0,0,0,0,0,'IND','OPP','OK',0
1105,'QB2','Curtis Painter',0,0,0,0,0,0,0,0,0,0,0,0,0,0,0,0,0,0,0,0,0,0,0,0,0,0,0,0,'IND','OPP','OK',0
1106,'RB1','Joseph Addai',0,0,0,0,0,0,0,0,0,0,0,0,0,0,0,0,0,0,0,0,0,0,0,0,0,0,0,0,'IND','OPP','OK',0
1107,'RB2','Brody Eldridge',0,0,0,0,0,0,0,0,0,0,0,0,0,0,0,0,0,0,0,0,0,0,0,0,0,0,0,0,'IND','OPP','OK',0
1108,'RB3','Donald Brown',0,0,0,0,0,0,0,0,0,0,0,0,0,0,0,0,0,0,0,0,0,0,0,0,0,0,0,0,'IND','OPP','OK',0
1109,'RB4','Mike Hart',0,0,0,0,0,0,0,0,0,0,0,0,0,0,0,0,0,0,0,0,0,0,0,0,0,0,0,0,'IND','OPP','OK',0
1110,'WR1','Reggie Wayne',0,0,0,0,0,0,0,0,0,0,0,0,0,0,0,0,0,0,0,0,0,0,0,0,0,0,0,0,'IND','OPP','OK',0
1111,'WR2','Pierre Garcon',0,0,0,0,0,0,0,0,0,0,0,0,0,0,0,0,0,0,0,0,0,0,0,0,0,0,0,0,'IND','OPP','OK',0
1112,'WR3','Austin Collie',0,0,0,0,0,0,0,0,0,0,0,0,0,0,0,0,0,0,0,0,0,0,0,0,0,0,0,0,'IND','OPP','OK',0
1113,'WR4','Blair White',0,0,0,0,0,0,0,0,0,0,0,0,0,0,0,0,0,0,0,0,0,0,0,0,0,0,0,0,'IND','OPP','OK',0
1114,'TE1','Dallas Clark',0,0,0,0,0,0,0,0,0,0,0,0,0,0,0,0,0,0,0,0,0,0,0,0,0,0,0,0,'IND','OPP','OK',0
1115,'TE2','Jacob Tamme',0,0,0,0,0,0,0,0,0,0,0,0,0,0,0,0,0,0,0,0,0,0,0,0,0,0,0,0,'IND','OPP','OK',0
1116,'K','Adam Vinatieri',0,0,0,0,0,0,0,0,0,0,0,0,0,0,0,0,0,0,0,0,0,0,0,0,0,0,0,0,'IND','OPP','OK',0
1117,'QB1','Matt Schaub',0,0,0,0,0,0,0,0,0,0,0,0,0,0,0,0,0,0,0,0,0,0,0,0,0,0,0,0,'HOU','OPP','OK',0
1118,'QB2','Dan Orlovsky',0,0,0,0,0,0,0,0,0,0,0,0,0,0,0,0,0,0,0,0,0,0,0,0,0,0,0,0,'HOU','OPP','OK',0
1119,'RB1','Arian Foster',0,0,0,0,0,0,0,0,0,0,0,0,0,0,0,0,0,0,0,0,0,0,0,0,0,0,0,0,'HOU','OPP','OK',0
1120,'RB2','Vonta Leach',0,0,0,0,0,0,0,0,0,0,0,0,0,0,0,0,0,0,0,0,0,0,0,0,0,0,0,0,'HOU','OPP','OK',0
1121,'RB3','Derrick Ward',0,0,0,0,0,0,0,0,0,0,0,0,0,0,0,0,0,0,0,0,0,0,0,0,0,0,0,0,'HOU','OPP','OK',0
1122,'RB4','Steve Slaton',0,0,0,0,0,0,0,0,0,0,0,0,0,0,0,0,0,0,0,0,0,0,0,0,0,0,0,0,'HOU','OPP','OK',0
1123,'WR1','Andre Johnson',0,0,0,0,0,0,0,0,0,0,0,0,0,0,0,0,0,0,0,0,0,0,0,0,0,0,0,0,'HOU','OPP','OK',0
1124,'WR2','Kevin Walter',0,0,0,0,0,0,0,0,0,0,0,0,0,0,0,0,0,0,0,0,0,0,0,0,0,0,0,0,'HOU','OPP','OK',0
1125,'WR3','Jacoby Jones',0,0,0,0,0,0,0,0,0,0,0,0,0,0,0,0,0,0,0,0,0,0,0,0,0,0,0,0,'HOU','OPP','OK',0
1126,'WR4','David Anderson',0,0,0,0,0,0,0,0,0,0,0,0,0,0,0,0,0,0,0,0,0,0,0,0,0,0,0,0,'HOU','OPP','OK',0
1127,'TE1','Owen Daniels',0,0,0,0,0,0,0,0,0,0,0,0,0,0,0,0,0,0,0,0,0,0,0,0,0,0,0,0,'HOU','OPP','OK',0
1128,'TE2','Joel Dreessen',0,0,0,0,0,0,0,0,0,0,0,0,0,0,0,0,0,0,0,0,0,0,0,0,0,0,0,0,'HOU','OPP','OK',0
1129,'K','Neil Rackers',0,0,0,0,0,0,0,0,0,0,0,0,0,0,0,0,0,0,0,0,0,0,0,0,0,0,0,0,'HOU','OPP','OK',0
1130,'QB1','David Garrard',0,0,0,0,0,0,0,0,0,0,0,0,0,0,0,0,0,0,0,0,0,0,0,0,0,0,0,0,'JAX','OPP','OK',0
1131,'QB2','Trent Edwards',0,0,0,0,0,0,0,0,0,0,0,0,0,0,0,0,0,0,0,0,0,0,0,0,0,0,0,0,'JAX','OPP','OK',0
1132,'RB1','M. Jones Drew',0,0,0,0,0,0,0,0,0,0,0,0,0,0,0,0,0,0,0,0,0,0,0,0,0,0,0,0,'JAX','OPP','OK',0
1133,'RB2','Greg Jones',0,0,0,0,0,0,0,0,0,0,0,0,0,0,0,0,0,0,0,0,0,0,0,0,0,0,0,0,'JAX','OPP','OK',0
1134,'RB3','Rashad Jennings',0,0,0,0,0,0,0,0,0,0,0,0,0,0,0,0,0,0,0,0,0,0,0,0,0,0,0,0,'JAX','OPP','OK',0
1135,'RB4','Deji Karim',0,0,0,0,0,0,0,0,0,0,0,0,0,0,0,0,0,0,0,0,0,0,0,0,0,0,0,0,'JAX','OPP','OK',0
1136,'WR1','Mike Thomas',0,0,0,0,0,0,0,0,0,0,0,0,0,0,0,0,0,0,0,0,0,0,0,0,0,0,0,0,'JAX','OPP','OK',0
1137,'WR2','Mike Sims.Walker',0,0,0,0,0,0,0,0,0,0,0,0,0,0,0,0,0,0,0,0,0,0,0,0,0,0,0,0,'JAX','OPP','OK',0
1138,'WR3','Jason Hill',0,0,0,0,0,0,0,0,0,0,0,0,0,0,0,0,0,0,0,0,0,0,0,0,0,0,0,0,'JAX','OPP','OK',0
1139,'WR4','Kassim Osgood',0,0,0,0,0,0,0,0,0,0,0,0,0,0,0,0,0,0,0,0,0,0,0,0,0,0,0,0,'JAX','OPP','OK',0
1140,'TE1','Marcedes Lewis',0,0,0,0,0,0,0,0,0,0,0,0,0,0,0,0,0,0,0,0,0,0,0,0,0,0,0,0,'JAX','OPP','OK',0
1141,'TE2','Zach Miller',0,0,0,0,0,0,0,0,0,0,0,0,0,0,0,0,0,0,0,0,0,0,0,0,0,0,0,0,'JAX','OPP','OK',0
1142,'K','Josh Scobee',0,0,0,0,0,0,0,0,0,0,0,0,0,0,0,0,0,0,0,0,0,0,0,0,0,0,0,0,'JAX','OPP','OK',0
1143,'QB1','Vince Young',0,0,0,0,0,0,0,0,0,0,0,0,0,0,0,0,0,0,0,0,0,0,0,0,0,0,0,0,'TEN','OPP','OK',0
1144,'QB2','Kerry Collins',0,0,0,0,0,0,0,0,0,0,0,0,0,0,0,0,0,0,0,0,0,0,0,0,0,0,0,0,'TEN','OPP','OK',0
1145,'RB1','Chris Johnson',0,0,0,0,0,0,0,0,0,0,0,0,0,0,0,0,0,0,0,0,0,0,0,0,0,0,0,0,'TEN','OPP','OK',0
1146,'RB2','Ahmard Hall',0,0,0,0,0,0,0,0,0,0,0,0,0,0,0,0,0,0,0,0,0,0,0,0,0,0,0,0,'TEN','OPP','OK',0
1147,'RB3','Javon Ringer',0,0,0,0,0,0,0,0,0,0,0,0,0,0,0,0,0,0,0,0,0,0,0,0,0,0,0,0,'TEN','OPP','OK',0
1148,'RB4','Marc Mariani',0,0,0,0,0,0,0,0,0,0,0,0,0,0,0,0,0,0,0,0,0,0,0,0,0,0,0,0,'TEN','OPP','OK',0
1149,'WR1','Randy Moss',0,0,0,0,0,0,0,0,0,0,0,0,0,0,0,0,0,0,0,0,0,0,0,0,0,0,0,0,'TEN','OPP','OK',0
1150,'WR2','Kenny Britt',0,0,0,0,0,0,0,0,0,0,0,0,0,0,0,0,0,0,0,0,0,0,0,0,0,0,0,0,'TEN','OPP','OK',0
1151,'WR3','Nate Washington',0,0,0,0,0,0,0,0,0,0,0,0,0,0,0,0,0,0,0,0,0,0,0,0,0,0,0,0,'TEN','OPP','OK',0
1152,'WR4','Justin Gage',0,0,0,0,0,0,0,0,0,0,0,0,0,0,0,0,0,0,0,0,0,0,0,0,0,0,0,0,'TEN','OPP','OK',0
1153,'TE1','Bo Scaife',0,0,0,0,0,0,0,0,0,0,0,0,0,0,0,0,0,0,0,0,0,0,0,0,0,0,0,0,'TEN','OPP','OK',0
1154,'TE2','Craig Stevens',0,0,0,0,0,0,0,0,0,0,0,0,0,0,0,0,0,0,0,0,0,0,0,0,0,0,0,0,'TEN','OPP','OK',0
1155,'K','Rob Bironas',0,0,0,0,0,0,0,0,0,0,0,0,0,0,0,0,0,0,0,0,0,0,0,0,0,0,0,0,'TEN','OPP','OK',0
1156,'QB1','Kyle Orton',0,0,0,0,0,0,0,0,0,0,0,0,0,0,0,0,0,0,0,0,0,0,0,0,0,0,0,0,'DEN','OPP','OK',0
1157,'QB2','Tim Tebow',0,0,0,0,0,0,0,0,0,0,0,0,0,0,0,0,0,0,0,0,0,0,0,0,0,0,0,0,'DEN','OPP','OK',0
1158,'RB1','Knowshon Moreno',0,0,0,0,0,0,0,0,0,0,0,0,0,0,0,0,0,0,0,0,0,0,0,0,0,0,0,0,'DEN','OPP','OK',0
1159,'RB2','C. Buckhalter',0,0,0,0,0,0,0,0,0,0,0,0,0,0,0,0,0,0,0,0,0,0,0,0,0,0,0,0,'DEN','OPP','OK',0
1160,'RB3','Laurence Maroney',0,0,0,0,0,0,0,0,0,0,0,0,0,0,0,0,0,0,0,0,0,0,0,0,0,0,0,0,'DEN','OPP','OK',0
1161,'RB4','Spencer Larsen',0,0,0,0,0,0,0,0,0,0,0,0,0,0,0,0,0,0,0,0,0,0,0,0,0,0,0,0,'DEN','OPP','OK',0
1162,'WR1','Brandon Lloyd',0,0,0,0,0,0,0,0,0,0,0,0,0,0,0,0,0,0,0,0,0,0,0,0,0,0,0,0,'DEN','OPP','OK',0
1163,'WR2','Eddie Royal',0,0,0,0,0,0,0,0,0,0,0,0,0,0,0,0,0,0,0,0,0,0,0,0,0,0,0,0,'DEN','OPP','OK',0
1164,'WR3','Jabar Gaffney',0,0,0,0,0,0,0,0,0,0,0,0,0,0,0,0,0,0,0,0,0,0,0,0,0,0,0,0,'DEN','OPP','OK',0
1165,'WR4','Demaryius Thomas',0,0,0,0,0,0,0,0,0,0,0,0,0,0,0,0,0,0,0,0,0,0,0,0,0,0,0,0,'DEN','OPP','OK',0
1166,'TE1','Daniel Graham',0,0,0,0,0,0,0,0,0,0,0,0,0,0,0,0,0,0,0,0,0,0,0,0,0,0,0,0,'DEN','OPP','OK',0
1167,'TE2','Richard Quinn',0,0,0,0,0,0,0,0,0,0,0,0,0,0,0,0,0,0,0,0,0,0,0,0,0,0,0,0,'DEN','OPP','OK',0
1168,'K','Matt Prater',0,0,0,0,0,0,0,0,0,0,0,0,0,0,0,0,0,0,0,0,0,0,0,0,0,0,0,0,'DEN','OPP','OK',0
1169,'QB1','Matt Cassel',0,0,0,0,0,0,0,0,0,0,0,0,0,0,0,0,0,0,0,0,0,0,0,0,0,0,0,0,'KC ','OPP','OK',0
1170,'QB2','Brodie Croyle',0,0,0,0,0,0,0,0,0,0,0,0,0,0,0,0,0,0,0,0,0,0,0,0,0,0,0,0,'KC ','OPP','OK',0
1171,'RB1','Jamaal Charles',0,0,0,0,0,0,0,0,0,0,0,0,0,0,0,0,0,0,0,0,0,0,0,0,0,0,0,0,'KC ','OPP','OK',0
1172,'RB2','Tim Castille',0,0,0,0,0,0,0,0,0,0,0,0,0,0,0,0,0,0,0,0,0,0,0,0,0,0,0,0,'KC ','OPP','OK',0
1173,'RB3','Thomas Jones',0,0,0,0,0,0,0,0,0,0,0,0,0,0,0,0,0,0,0,0,0,0,0,0,0,0,0,0,'KC ','OPP','OK',0
1174,'RB4','J. Battle',0,0,0,0,0,0,0,0,0,0,0,0,0,0,0,0,0,0,0,0,0,0,0,0,0,0,0,0,'KC ','OPP','OK',0
1175,'WR1','Dwayne Bowe',0,0,0,0,0,0,0,0,0,0,0,0,0,0,0,0,0,0,0,0,0,0,0,0,0,0,0,0,'KC ','OPP','OK',0
1176,'WR2','Chris Chambers',0,0,0,0,0,0,0,0,0,0,0,0,0,0,0,0,0,0,0,0,0,0,0,0,0,0,0,0,'KC ','OPP','OK',0
1177,'WR3','D. Mccluster',0,0,0,0,0,0,0,0,0,0,0,0,0,0,0,0,0,0,0,0,0,0,0,0,0,0,0,0,'KC ','OPP','OK',0
1178,'WR4','Terrance Copper',0,0,0,0,0,0,0,0,0,0,0,0,0,0,0,0,0,0,0,0,0,0,0,0,0,0,0,0,'KC ','OPP','OK',0
1179,'TE1','Tony Moeaki',0,0,0,0,0,0,0,0,0,0,0,0,0,0,0,0,0,0,0,0,0,0,0,0,0,0,0,0,'KC ','OPP','OK',0
1180,'TE2','Leonard Pope',0,0,0,0,0,0,0,0,0,0,0,0,0,0,0,0,0,0,0,0,0,0,0,0,0,0,0,0,'KC ','OPP','OK',0
1181,'K','Ryan Succop',0,0,0,0,0,0,0,0,0,0,0,0,0,0,0,0,0,0,0,0,0,0,0,0,0,0,0,0,'KC ','OPP','OK',0
1182,'QB1','Jason Campbell',0,0,0,0,0,0,0,0,0,0,0,0,0,0,0,0,0,0,0,0,0,0,0,0,0,0,0,0,'OAK','OPP','OK',0
1183,'QB2','B. Gradkowski',0,0,0,0,0,0,0,0,0,0,0,0,0,0,0,0,0,0,0,0,0,0,0,0,0,0,0,0,'OAK','OPP','OK',0
1184,'RB1','D. Mcfadden',0,0,0,0,0,0,0,0,0,0,0,0,0,0,0,0,0,0,0,0,0,0,0,0,0,0,0,0,'OAK','OPP','OK',0
1185,'RB2','Marcel Reece',0,0,0,0,0,0,0,0,0,0,0,0,0,0,0,0,0,0,0,0,0,0,0,0,0,0,0,0,'OAK','OPP','OK',0
1186,'RB3','Michael Bush',0,0,0,0,0,0,0,0,0,0,0,0,0,0,0,0,0,0,0,0,0,0,0,0,0,0,0,0,'OAK','OPP','OK',0
1187,'RB4','Rock Cartwright',0,0,0,0,0,0,0,0,0,0,0,0,0,0,0,0,0,0,0,0,0,0,0,0,0,0,0,0,'OAK','OPP','OK',0
1188,'WR1','Louis Murphy',0,0,0,0,0,0,0,0,0,0,0,0,0,0,0,0,0,0,0,0,0,0,0,0,0,0,0,0,'OAK','OPP','OK',0
1189,'WR2','D. Heyward Bey',0,0,0,0,0,0,0,0,0,0,0,0,0,0,0,0,0,0,0,0,0,0,0,0,0,0,0,0,'OAK','OPP','OK',0
1190,'WR3','Jacoby Ford',0,0,0,0,0,0,0,0,0,0,0,0,0,0,0,0,0,0,0,0,0,0,0,0,0,0,0,0,'OAK','OPP','OK',0
1191,'WR4','J. Lee Higgins',0,0,0,0,0,0,0,0,0,0,0,0,0,0,0,0,0,0,0,0,0,0,0,0,0,0,0,0,'OAK','OPP','OK',0
1192,'TE1','Zach Miller',0,0,0,0,0,0,0,0,0,0,0,0,0,0,0,0,0,0,0,0,0,0,0,0,0,0,0,0,'OAK','OPP','OK',0
1193,'TE2','Brandon Myers',0,0,0,0,0,0,0,0,0,0,0,0,0,0,0,0,0,0,0,0,0,0,0,0,0,0,0,0,'OAK','OPP','OK',0
1194,'K','S. Janikowski',0,0,0,0,0,0,0,0,0,0,0,0,0,0,0,0,0,0,0,0,0,0,0,0,0,0,0,0,'OAK','OPP','OK',0
1195,'QB1','Philip Rivers',0,0,0,0,0,0,0,0,0,0,0,0,0,0,0,0,0,0,0,0,0,0,0,0,0,0,0,0,'SD ','OPP','OK',0
1196,'QB2','Billy Volek',0,0,0,0,0,0,0,0,0,0,0,0,0,0,0,0,0,0,0,0,0,0,0,0,0,0,0,0,'SD ','OPP','OK',0
1197,'RB1','Ryan Mathews',0,0,0,0,0,0,0,0,0,0,0,0,0,0,0,0,0,0,0,0,0,0,0,0,0,0,0,0,'SD ','OPP','OK',0
1198,'RB2','Darren Sproles',0,0,0,0,0,0,0,0,0,0,0,0,0,0,0,0,0,0,0,0,0,0,0,0,0,0,0,0,'SD ','OPP','OK',0
1199,'RB3','Mike Tolbert',0,0,0,0,0,0,0,0,0,0,0,0,0,0,0,0,0,0,0,0,0,0,0,0,0,0,0,0,'SD ','OPP','OK',0
1200,'RB4','Jacob Hester',0,0,0,0,0,0,0,0,0,0,0,0,0,0,0,0,0,0,0,0,0,0,0,0,0,0,0,0,'SD ','OPP','OK',0
1201,'WR1','Vincent Jackson',0,0,0,0,0,0,0,0,0,0,0,0,0,0,0,0,0,0,0,0,0,0,0,0,0,0,0,0,'SD ','OPP','OK',0
1202,'WR2','Malcom Floyd',0,0,0,0,0,0,0,0,0,0,0,0,0,0,0,0,0,0,0,0,0,0,0,0,0,0,0,0,'SD ','OPP','OK',0
1203,'WR3','Legedu Naanee',0,0,0,0,0,0,0,0,0,0,0,0,0,0,0,0,0,0,0,0,0,0,0,0,0,0,0,0,'SD ','OPP','OK',0
1204,'WR4','Patrick Crayton',0,0,0,0,0,0,0,0,0,0,0,0,0,0,0,0,0,0,0,0,0,0,0,0,0,0,0,0,'SD ','OPP','OK',0
1205,'TE1','Antonio Gates',0,0,0,0,0,0,0,0,0,0,0,0,0,0,0,0,0,0,0,0,0,0,0,0,0,0,0,0,'SD ','OPP','OK',0
1206,'TE2','R. Mcmichael',0,0,0,0,0,0,0,0,0,0,0,0,0,0,0,0,0,0,0,0,0,0,0,0,0,0,0,0,'SD ','OPP','OK',0
1207,'K','Nate Kaeding',0,0,0,0,0,0,0,0,0,0,0,0,0,0,0,0,0,0,0,0,0,0,0,0,0,0,0,0,'SD ','OPP','OK',0
1208,'QB1','Donovan Mcnabb',0,0,0,0,0,0,0,0,0,0,0,0,0,0,0,0,0,0,0,0,0,0,0,0,0,0,0,0,'WAS','OPP','OK',0
1209,'QB2','Rex Grossman',0,0,0,0,0,0,0,0,0,0,0,0,0,0,0,0,0,0,0,0,0,0,0,0,0,0,0,0,'WAS','OPP','OK',0
1210,'RB1','Ryan Torain',0,0,0,0,0,0,0,0,0,0,0,0,0,0,0,0,0,0,0,0,0,0,0,0,0,0,0,0,'WAS','OPP','OK',0
1211,'RB2','Mike Sellers',0,0,0,0,0,0,0,0,0,0,0,0,0,0,0,0,0,0,0,0,0,0,0,0,0,0,0,0,'WAS','OPP','OK',0
1212,'RB3','Clinton Portis',0,0,0,0,0,0,0,0,0,0,0,0,0,0,0,0,0,0,0,0,0,0,0,0,0,0,0,0,'WAS','OPP','OK',0
1213,'RB4','K. Williams',0,0,0,0,0,0,0,0,0,0,0,0,0,0,0,0,0,0,0,0,0,0,0,0,0,0,0,0,'WAS','OPP','OK',0
1214,'WR1','Santana Moss',0,0,0,0,0,0,0,0,0,0,0,0,0,0,0,0,0,0,0,0,0,0,0,0,0,0,0,0,'WAS','OPP','OK',0
1215,'WR2','A. Armstrong',0,0,0,0,0,0,0,0,0,0,0,0,0,0,0,0,0,0,0,0,0,0,0,0,0,0,0,0,'WAS','OPP','OK',0
1216,'WR3','Roydell Williams',0,0,0,0,0,0,0,0,0,0,0,0,0,0,0,0,0,0,0,0,0,0,0,0,0,0,0,0,'WAS','OPP','OK',0
1217,'WR4','Brandon Banks',0,0,0,0,0,0,0,0,0,0,0,0,0,0,0,0,0,0,0,0,0,0,0,0,0,0,0,0,'WAS','OPP','OK',0
1218,'TE1','Chris Cooley',0,0,0,0,0,0,0,0,0,0,0,0,0,0,0,0,0,0,0,0,0,0,0,0,0,0,0,0,'WAS','OPP','OK',0
1219,'TE2','Fred Davis',0,0,0,0,0,0,0,0,0,0,0,0,0,0,0,0,0,0,0,0,0,0,0,0,0,0,0,0,'WAS','OPP','OK',0
1220,'K','Graham Gano',0,0,0,0,0,0,0,0,0,0,0,0,0,0,0,0,0,0,0,0,0,0,0,0,0,0,0,0,'WAS','OPP','OK',0
1221,'QB1','Eli Manning',0,0,0,0,0,0,0,0,0,0,0,0,0,0,0,0,0,0,0,0,0,0,0,0,0,0,0,0,'NYG','OPP','OK',0
1222,'QB2','Sage Rosenfels',0,0,0,0,0,0,0,0,0,0,0,0,0,0,0,0,0,0,0,0,0,0,0,0,0,0,0,0,'NYG','OPP','OK',0
1223,'RB1','Ahmad Bradshaw',0,0,0,0,0,0,0,0,0,0,0,0,0,0,0,0,0,0,0,0,0,0,0,0,0,0,0,0,'NYG','OPP','OK',0
1224,'RB2','M. Hedgecock',0,0,0,0,0,0,0,0,0,0,0,0,0,0,0,0,0,0,0,0,0,0,0,0,0,0,0,0,'NYG','OPP','OK',0
1225,'RB3','Brandon Jacobs',0,0,0,0,0,0,0,0,0,0,0,0,0,0,0,0,0,0,0,0,0,0,0,0,0,0,0,0,'NYG','OPP','OK',0
1226,'RB4','D.J. Ware',0,0,0,0,0,0,0,0,0,0,0,0,0,0,0,0,0,0,0,0,0,0,0,0,0,0,0,0,'NYG','OPP','OK',0
1227,'WR1','Hakeem Nicks',0,0,0,0,0,0,0,0,0,0,0,0,0,0,0,0,0,0,0,0,0,0,0,0,0,0,0,0,'NYG','OPP','OK',0
1228,'WR2','Steve Smith',0,0,0,0,0,0,0,0,0,0,0,0,0,0,0,0,0,0,0,0,0,0,0,0,0,0,0,0,'NYG','OPP','OK',0
1229,'WR3','Mario Manningham',0,0,0,0,0,0,0,0,0,0,0,0,0,0,0,0,0,0,0,0,0,0,0,0,0,0,0,0,'NYG','OPP','OK',0
1230,'WR4','Derek Hagan',0,0,0,0,0,0,0,0,0,0,0,0,0,0,0,0,0,0,0,0,0,0,0,0,0,0,0,0,'NYG','OPP','OK',0
1231,'TE1','Kevin Boss',0,0,0,0,0,0,0,0,0,0,0,0,0,0,0,0,0,0,0,0,0,0,0,0,0,0,0,0,'NYG','OPP','OK',0
1232,'TE2','Travis Beckum',0,0,0,0,0,0,0,0,0,0,0,0,0,0,0,0,0,0,0,0,0,0,0,0,0,0,0,0,'NYG','OPP','OK',0
1233,'K','Lawrence Tynes',0,0,0,0,0,0,0,0,0,0,0,0,0,0,0,0,0,0,0,0,0,0,0,0,0,0,0,0,'NYG','OPP','OK',0
1234,'QB1','Michael Vick',0,0,0,0,0,0,0,0,0,0,0,0,0,0,0,0,0,0,0,0,0,0,0,0,0,0,0,0,'PHI','OPP','OK',0
1235,'QB2','Kevin Kolb',0,0,0,0,0,0,0,0,0,0,0,0,0,0,0,0,0,0,0,0,0,0,0,0,0,0,0,0,'PHI','OPP','OK',0
1236,'RB1','Lesean Mccoy',0,0,0,0,0,0,0,0,0,0,0,0,0,0,0,0,0,0,0,0,0,0,0,0,0,0,0,0,'PHI','OPP','OK',0
1237,'RB2','Leonard Weaver',0,0,0,0,0,0,0,0,0,0,0,0,0,0,0,0,0,0,0,0,0,0,0,0,0,0,0,0,'PHI','OPP','OK',0
1238,'RB3','Jerome Harrison',0,0,0,0,0,0,0,0,0,0,0,0,0,0,0,0,0,0,0,0,0,0,0,0,0,0,0,0,'PHI','OPP','OK',0
1239,'RB4','Eldra Buckley',0,0,0,0,0,0,0,0,0,0,0,0,0,0,0,0,0,0,0,0,0,0,0,0,0,0,0,0,'PHI','OPP','OK',0
1240,'WR1','Desean Jackson',0,0,0,0,0,0,0,0,0,0,0,0,0,0,0,0,0,0,0,0,0,0,0,0,0,0,0,0,'PHI','OPP','OK',0
1241,'WR2','Jeremy Maclin',0,0,0,0,0,0,0,0,0,0,0,0,0,0,0,0,0,0,0,0,0,0,0,0,0,0,0,0,'PHI','OPP','OK',0
1242,'WR3','Jason Avant',0,0,0,0,0,0,0,0,0,0,0,0,0,0,0,0,0,0,0,0,0,0,0,0,0,0,0,0,'PHI','OPP','OK',0
1243,'WR4','Riley Cooper',0,0,0,0,0,0,0,0,0,0,0,0,0,0,0,0,0,0,0,0,0,0,0,0,0,0,0,0,'PHI','OPP','OK',0
1244,'TE1','Brent Celek',0,0,0,0,0,0,0,0,0,0,0,0,0,0,0,0,0,0,0,0,0,0,0,0,0,0,0,0,'PHI','OPP','OK',0
1245,'TE2','Clay Harbor',0,0,0,0,0,0,0,0,0,0,0,0,0,0,0,0,0,0,0,0,0,0,0,0,0,0,0,0,'PHI','OPP','OK',0
1246,'K','David Akers',0,0,0,0,0,0,0,0,0,0,0,0,0,0,0,0,0,0,0,0,0,0,0,0,0,0,0,0,'PHI','OPP','OK',0
1247,'QB1','Tony Romo',0,0,0,0,0,0,0,0,0,0,0,0,0,0,0,0,0,0,0,0,0,0,0,0,0,0,0,0,'DAL','OPP','OK',0
1248,'QB2','Jon Kitna',0,0,0,0,0,0,0,0,0,0,0,0,0,0,0,0,0,0,0,0,0,0,0,0,0,0,0,0,'DAL','OPP','OK',0
1249,'RB1','Felix Jones',0,0,0,0,0,0,0,0,0,0,0,0,0,0,0,0,0,0,0,0,0,0,0,0,0,0,0,0,'DAL','OPP','OK',0
1250,'RB2','Marion Barber',0,0,0,0,0,0,0,0,0,0,0,0,0,0,0,0,0,0,0,0,0,0,0,0,0,0,0,0,'DAL','OPP','OK',0
1251,'RB3','Tashard Choice',0,0,0,0,0,0,0,0,0,0,0,0,0,0,0,0,0,0,0,0,0,0,0,0,0,0,0,0,'DAL','OPP','OK',0
1252,'RB4','C. Gronkowski',0,0,0,0,0,0,0,0,0,0,0,0,0,0,0,0,0,0,0,0,0,0,0,0,0,0,0,0,'DAL','OPP','OK',0
1253,'WR1','Miles Austin',0,0,0,0,0,0,0,0,0,0,0,0,0,0,0,0,0,0,0,0,0,0,0,0,0,0,0,0,'DAL','OPP','OK',0
1254,'WR2','Dez Bryant',0,0,0,0,0,0,0,0,0,0,0,0,0,0,0,0,0,0,0,0,0,0,0,0,0,0,0,0,'DAL','OPP','OK',0
1255,'WR3','Roy Williams',0,0,0,0,0,0,0,0,0,0,0,0,0,0,0,0,0,0,0,0,0,0,0,0,0,0,0,0,'DAL','OPP','OK',0
1256,'WR4','Sam Hurd',0,0,0,0,0,0,0,0,0,0,0,0,0,0,0,0,0,0,0,0,0,0,0,0,0,0,0,0,'DAL','OPP','OK',0
1257,'TE1','Jason Witten',0,0,0,0,0,0,0,0,0,0,0,0,0,0,0,0,0,0,0,0,0,0,0,0,0,0,0,0,'DAL','OPP','OK',0
1258,'TE2','Martellus Bennett',0,0,0,0,0,0,0,0,0,0,0,0,0,0,0,0,0,0,0,0,0,0,0,0,0,0,0,0,'DAL','OPP','OK',0
1259,'K','David Buehler',0,0,0,0,0,0,0,0,0,0,0,0,0,0,0,0,0,0,0,0,0,0,0,0,0,0,0,0,'DAL','OPP','OK',0
1260,'QB1','Jay Cutler',0,0,0,0,0,0,0,0,0,0,0,0,0,0,0,0,0,0,0,0,0,0,0,0,0,0,0,0,'CHI','OPP','OK',0
1261,'QB2','Caleb Hanie',0,0,0,0,0,0,0,0,0,0,0,0,0,0,0,0,0,0,0,0,0,0,0,0,0,0,0,0,'CHI','OPP','OK',0
1262,'RB1','Matt Forte',0,0,0,0,0,0,0,0,0,0,0,0,0,0,0,0,0,0,0,0,0,0,0,0,0,0,0,0,'CHI','OPP','OK',0
1263,'RB2','Chester Taylor',0,0,0,0,0,0,0,0,0,0,0,0,0,0,0,0,0,0,0,0,0,0,0,0,0,0,0,0,'CHI','OPP','OK',0
1264,'RB3','B. Manumaleuna',0,0,0,0,0,0,0,0,0,0,0,0,0,0,0,0,0,0,0,0,0,0,0,0,0,0,0,0,'CHI','OPP','OK',0
1265,'RB4','Garrett Wolfe',0,0,0,0,0,0,0,0,0,0,0,0,0,0,0,0,0,0,0,0,0,0,0,0,0,0,0,0,'CHI','OPP','OK',0
1266,'WR1','Devin Hester',0,0,0,0,0,0,0,0,0,0,0,0,0,0,0,0,0,0,0,0,0,0,0,0,0,0,0,0,'CHI','OPP','OK',0
1267,'WR2','Johnny Knox',0,0,0,0,0,0,0,0,0,0,0,0,0,0,0,0,0,0,0,0,0,0,0,0,0,0,0,0,'CHI','OPP','OK',0
1268,'WR3','Earl Bennett',0,0,0,0,0,0,0,0,0,0,0,0,0,0,0,0,0,0,0,0,0,0,0,0,0,0,0,0,'CHI','OPP','OK',0
1269,'WR4','Devin Aromashodu',0,0,0,0,0,0,0,0,0,0,0,0,0,0,0,0,0,0,0,0,0,0,0,0,0,0,0,0,'CHI','OPP','OK',0
1270,'TE1','Greg Olsen',0,0,0,0,0,0,0,0,0,0,0,0,0,0,0,0,0,0,0,0,0,0,0,0,0,0,0,0,'CHI','OPP','OK',0
1271,'TE2','Kellen Davis',0,0,0,0,0,0,0,0,0,0,0,0,0,0,0,0,0,0,0,0,0,0,0,0,0,0,0,0,'CHI','OPP','OK',0
1272,'K','Robbie Gould',0,0,0,0,0,0,0,0,0,0,0,0,0,0,0,0,0,0,0,0,0,0,0,0,0,0,0,0,'CHI','OPP','OK',0
1273,'QB1','Matthew Stafford',0,0,0,0,0,0,0,0,0,0,0,0,0,0,0,0,0,0,0,0,0,0,0,0,0,0,0,0,'DET','OPP','OK',0
1274,'QB2','Shaun Hill',0,0,0,0,0,0,0,0,0,0,0,0,0,0,0,0,0,0,0,0,0,0,0,0,0,0,0,0,'DET','OPP','OK',0
1275,'RB1','Javid Best',0,0,0,0,0,0,0,0,0,0,0,0,0,0,0,0,0,0,0,0,0,0,0,0,0,0,0,0,'DET','OPP','OK',0
1276,'RB2','Jerome Felton',0,0,0,0,0,0,0,0,0,0,0,0,0,0,0,0,0,0,0,0,0,0,0,0,0,0,0,0,'DET','OPP','OK',0
1277,'RB3','Maurice Morris',0,0,0,0,0,0,0,0,0,0,0,0,0,0,0,0,0,0,0,0,0,0,0,0,0,0,0,0,'DET','OPP','OK',0
1278,'RB4','Kevin Smith',0,0,0,0,0,0,0,0,0,0,0,0,0,0,0,0,0,0,0,0,0,0,0,0,0,0,0,0,'DET','OPP','OK',0
1279,'WR1','Calvin Johnson',0,0,0,0,0,0,0,0,0,0,0,0,0,0,0,0,0,0,0,0,0,0,0,0,0,0,0,0,'DET','OPP','OK',0
1280,'WR2','Nate Burleson',0,0,0,0,0,0,0,0,0,0,0,0,0,0,0,0,0,0,0,0,0,0,0,0,0,0,0,0,'DET','OPP','OK',0
1281,'WR3','Bryant Johnson',0,0,0,0,0,0,0,0,0,0,0,0,0,0,0,0,0,0,0,0,0,0,0,0,0,0,0,0,'DET','OPP','OK',0
1282,'WR4','Stefan Logan',0,0,0,0,0,0,0,0,0,0,0,0,0,0,0,0,0,0,0,0,0,0,0,0,0,0,0,0,'DET','OPP','OK',0
1283,'TE1','B. Pettigrew',0,0,0,0,0,0,0,0,0,0,0,0,0,0,0,0,0,0,0,0,0,0,0,0,0,0,0,0,'DET','OPP','OK',0
1284,'TE2','Tony Scheffler',0,0,0,0,0,0,0,0,0,0,0,0,0,0,0,0,0,0,0,0,0,0,0,0,0,0,0,0,'DET','OPP','OK',0
1285,'K','Jason Hanson',0,0,0,0,0,0,0,0,0,0,0,0,0,0,0,0,0,0,0,0,0,0,0,0,0,0,0,0,'DET','OPP','OK',0
1286,'QB1','Aaron Rodgers',0,0,0,0,0,0,0,0,0,0,0,0,0,0,0,0,0,0,0,0,0,0,0,0,0,0,0,0,'GB ','OPP','OK',0
1287,'QB2','Matt Flynn',0,0,0,0,0,0,0,0,0,0,0,0,0,0,0,0,0,0,0,0,0,0,0,0,0,0,0,0,'GB ','OPP','OK',0
1288,'RB1','Ryan Grant',0,0,0,0,0,0,0,0,0,0,0,0,0,0,0,0,0,0,0,0,0,0,0,0,0,0,0,0,'GB ','OPP','OK',0
1289,'RB2','James Starks',0,0,0,0,0,0,0,0,0,0,0,0,0,0,0,0,0,0,0,0,0,0,0,0,0,0,0,0,'GB ','OPP','OK',0
1290,'RB3','Brandon Jackson',0,0,0,0,0,0,0,0,0,0,0,0,0,0,0,0,0,0,0,0,0,0,0,0,0,0,0,0,'GB ','OPP','OK',0
1291,'RB4','John Kuhn',0,0,0,0,0,0,0,0,0,0,0,0,0,0,0,0,0,0,0,0,0,0,0,0,0,0,0,0,'GB ','OPP','OK',0
1292,'WR1','Greg Jennings',0,0,0,0,0,0,0,0,0,0,0,0,0,0,0,0,0,0,0,0,0,0,0,0,0,0,0,0,'GB ','OPP','OK',0
1293,'WR2','Donald Driver',0,0,0,0,0,0,0,0,0,0,0,0,0,0,0,0,0,0,0,0,0,0,0,0,0,0,0,0,'GB ','OPP','OK',0
1294,'WR3','Jordy Nelson',0,0,0,0,0,0,0,0,0,0,0,0,0,0,0,0,0,0,0,0,0,0,0,0,0,0,0,0,'GB ','OPP','OK',0
1295,'WR4','James Jones',0,0,0,0,0,0,0,0,0,0,0,0,0,0,0,0,0,0,0,0,0,0,0,0,0,0,0,0,'GB ','OPP','OK',0
1296,'TE1','J. Finley',0,0,0,0,0,0,0,0,0,0,0,0,0,0,0,0,0,0,0,0,0,0,0,0,0,0,0,0,'GB ','OPP','OK',0
1297,'TE2','A. Quarless',0,0,0,0,0,0,0,0,0,0,0,0,0,0,0,0,0,0,0,0,0,0,0,0,0,0,0,0,'GB ','OPP','OK',0
1298,'K','Mason Crosby',0,0,0,0,0,0,0,0,0,0,0,0,0,0,0,0,0,0,0,0,0,0,0,0,0,0,0,0,'GB ','OPP','OK',0
1299,'QB1','Joe Webb',0,0,0,0,0,0,0,0,0,0,0,0,0,0,0,0,0,0,0,0,0,0,0,0,0,0,0,0,'MIN','OPP','OK',0
1300,'QB2','Brett Favre',0,0,0,0,0,0,0,0,0,0,0,0,0,0,0,0,0,0,0,0,0,0,0,0,0,0,0,0,'MIN','OPP','OK',0
1301,'RB1','Adrian Peterson',0,0,0,0,0,0,0,0,0,0,0,0,0,0,0,0,0,0,0,0,0,0,0,0,0,0,0,0,'MIN','OPP','OK',0
1302,'RB2','Naufahu Tahi',0,0,0,0,0,0,0,0,0,0,0,0,0,0,0,0,0,0,0,0,0,0,0,0,0,0,0,0,'MIN','OPP','OK',0
1303,'RB3','Toby Gerhart',0,0,0,0,0,0,0,0,0,0,0,0,0,0,0,0,0,0,0,0,0,0,0,0,0,0,0,0,'MIN','OPP','OK',0
1304,'RB4','Lorenzo Booker',0,0,0,0,0,0,0,0,0,0,0,0,0,0,0,0,0,0,0,0,0,0,0,0,0,0,0,0,'MIN','OPP','OK',0
1305,'WR1','Percy Harvin',0,0,0,0,0,0,0,0,0,0,0,0,0,0,0,0,0,0,0,0,0,0,0,0,0,0,0,0,'MIN','OPP','OK',0
1306,'WR2','Sidney Rice',0,0,0,0,0,0,0,0,0,0,0,0,0,0,0,0,0,0,0,0,0,0,0,0,0,0,0,0,'MIN','OPP','OK',0
1307,'WR3','Bernard Berrian',0,0,0,0,0,0,0,0,0,0,0,0,0,0,0,0,0,0,0,0,0,0,0,0,0,0,0,0,'MIN','OPP','OK',0
1308,'WR4','Greg Camarillo',0,0,0,0,0,0,0,0,0,0,0,0,0,0,0,0,0,0,0,0,0,0,0,0,0,0,0,0,'MIN','OPP','OK',0
1309,'TE1','V. Shiancoe',0,0,0,0,0,0,0,0,0,0,0,0,0,0,0,0,0,0,0,0,0,0,0,0,0,0,0,0,'MIN','OPP','OK',0
1310,'TE2','Jim Kleinsasser',0,0,0,0,0,0,0,0,0,0,0,0,0,0,0,0,0,0,0,0,0,0,0,0,0,0,0,0,'MIN','OPP','OK',0
1311,'K','Ryan Longwell',0,0,0,0,0,0,0,0,0,0,0,0,0,0,0,0,0,0,0,0,0,0,0,0,0,0,0,0,'MIN','OPP','OK',0
1312,'QB1','Josh Freeman',0,0,0,0,0,0,0,0,0,0,0,0,0,0,0,0,0,0,0,0,0,0,0,0,0,0,0,0,'TB ','OPP','OK',0
1313,'QB2','Josh Johnson',0,0,0,0,0,0,0,0,0,0,0,0,0,0,0,0,0,0,0,0,0,0,0,0,0,0,0,0,'TB ','OPP','OK',0
1314,'RB1','L. Blount',0,0,0,0,0,0,0,0,0,0,0,0,0,0,0,0,0,0,0,0,0,0,0,0,0,0,0,0,'TB ','OPP','OK',0
1315,'RB2','Carnell Williams',0,0,0,0,0,0,0,0,0,0,0,0,0,0,0,0,0,0,0,0,0,0,0,0,0,0,0,0,'TB ','OPP','OK',0
1316,'RB3','Earnest Graham',0,0,0,0,0,0,0,0,0,0,0,0,0,0,0,0,0,0,0,0,0,0,0,0,0,0,0,0,'TB ','OPP','OK',0
1317,'RB4','Kareem Huggins',0,0,0,0,0,0,0,0,0,0,0,0,0,0,0,0,0,0,0,0,0,0,0,0,0,0,0,0,'TB ','OPP','OK',0
1318,'WR1','Mike Williams',0,0,0,0,0,0,0,0,0,0,0,0,0,0,0,0,0,0,0,0,0,0,0,0,0,0,0,0,'TB ','OPP','OK',0
1319,'WR2','Arrelious Benn',0,0,0,0,0,0,0,0,0,0,0,0,0,0,0,0,0,0,0,0,0,0,0,0,0,0,0,0,'TB ','OPP','OK',0
1320,'WR3','S. Stroughter',0,0,0,0,0,0,0,0,0,0,0,0,0,0,0,0,0,0,0,0,0,0,0,0,0,0,0,0,'TB ','OPP','OK',0
1321,'WR4','M. Spurlock',0,0,0,0,0,0,0,0,0,0,0,0,0,0,0,0,0,0,0,0,0,0,0,0,0,0,0,0,'TB ','OPP','OK',0
1322,'TE1','Kellen Winslow',0,0,0,0,0,0,0,0,0,0,0,0,0,0,0,0,0,0,0,0,0,0,0,0,0,0,0,0,'TB ','OPP','OK',0
1323,'TE2','John Gilmore',0,0,0,0,0,0,0,0,0,0,0,0,0,0,0,0,0,0,0,0,0,0,0,0,0,0,0,0,'TB ','OPP','OK',0
1324,'K','Connor Barth',0,0,0,0,0,0,0,0,0,0,0,0,0,0,0,0,0,0,0,0,0,0,0,0,0,0,0,0,'TB ','OPP','OK',0
1325,'QB1','Drew Brees',0,0,0,0,0,0,0,0,0,0,0,0,0,0,0,0,0,0,0,0,0,0,0,0,0,0,0,0,'NO ','OPP','OK',0
1326,'QB2','Chase Daniel',0,0,0,0,0,0,0,0,0,0,0,0,0,0,0,0,0,0,0,0,0,0,0,0,0,0,0,0,'NO ','OPP','OK',0
1327,'RB1','Pierre Thomas',0,0,0,0,0,0,0,0,0,0,0,0,0,0,0,0,0,0,0,0,0,0,0,0,0,0,0,0,'NO ','OPP','OK',0
1328,'RB2','Reggie Bush',0,0,0,0,0,0,0,0,0,0,0,0,0,0,0,0,0,0,0,0,0,0,0,0,0,0,0,0,'NO ','OPP','OK',0
1329,'RB3','Chris Ivory',0,0,0,0,0,0,0,0,0,0,0,0,0,0,0,0,0,0,0,0,0,0,0,0,0,0,0,0,'NO ','OPP','OK',0
1330,'RB4','Heath Evans',0,0,0,0,0,0,0,0,0,0,0,0,0,0,0,0,0,0,0,0,0,0,0,0,0,0,0,0,'NO ','OPP','OK',0
1331,'WR1','Marques Colston',0,0,0,0,0,0,0,0,0,0,0,0,0,0,0,0,0,0,0,0,0,0,0,0,0,0,0,0,'NO ','OPP','OK',0
1332,'WR2','Devery Henderson',0,0,0,0,0,0,0,0,0,0,0,0,0,0,0,0,0,0,0,0,0,0,0,0,0,0,0,0,'NO ','OPP','OK',0
1333,'WR3','Robert Meachem',0,0,0,0,0,0,0,0,0,0,0,0,0,0,0,0,0,0,0,0,0,0,0,0,0,0,0,0,'NO ','OPP','OK',0
1334,'WR4','Lance Moore',0,0,0,0,0,0,0,0,0,0,0,0,0,0,0,0,0,0,0,0,0,0,0,0,0,0,0,0,'NO ','OPP','OK',0
1335,'TE1','Jeremy Shockey',0,0,0,0,0,0,0,0,0,0,0,0,0,0,0,0,0,0,0,0,0,0,0,0,0,0,0,0,'NO ','OPP','OK',0
1336,'TE2','David Thomas',0,0,0,0,0,0,0,0,0,0,0,0,0,0,0,0,0,0,0,0,0,0,0,0,0,0,0,0,'NO ','OPP','OK',0
1337,'K','Garrett Hartley',0,0,0,0,0,0,0,0,0,0,0,0,0,0,0,0,0,0,0,0,0,0,0,0,0,0,0,0,'NO ','OPP','OK',0
1338,'QB1','Matt Ryan',0,0,0,0,0,0,0,0,0,0,0,0,0,0,0,0,0,0,0,0,0,0,0,0,0,0,0,0,'ATL','OPP','OK',0
1339,'QB2','Chris Redman',0,0,0,0,0,0,0,0,0,0,0,0,0,0,0,0,0,0,0,0,0,0,0,0,0,0,0,0,'ATL','OPP','OK',0
1340,'RB1','Michael Turner',0,0,0,0,0,0,0,0,0,0,0,0,0,0,0,0,0,0,0,0,0,0,0,0,0,0,0,0,'ATL','OPP','OK',0
1341,'RB2','Jason Snelling',0,0,0,0,0,0,0,0,0,0,0,0,0,0,0,0,0,0,0,0,0,0,0,0,0,0,0,0,'ATL','OPP','OK',0
1342,'RB3','J. Norwood',0,0,0,0,0,0,0,0,0,0,0,0,0,0,0,0,0,0,0,0,0,0,0,0,0,0,0,0,'ATL','OPP','OK',0
1343,'RB4','Ovie Mughelli',0,0,0,0,0,0,0,0,0,0,0,0,0,0,0,0,0,0,0,0,0,0,0,0,0,0,0,0,'ATL','OPP','OK',0
1344,'WR1','Roddy White',0,0,0,0,0,0,0,0,0,0,0,0,0,0,0,0,0,0,0,0,0,0,0,0,0,0,0,0,'ATL','OPP','OK',0
1345,'WR2','Michael Jenkins',0,0,0,0,0,0,0,0,0,0,0,0,0,0,0,0,0,0,0,0,0,0,0,0,0,0,0,0,'ATL','OPP','OK',0
1346,'WR3','Harry Douglas',0,0,0,0,0,0,0,0,0,0,0,0,0,0,0,0,0,0,0,0,0,0,0,0,0,0,0,0,'ATL','OPP','OK',0
1347,'WR4','Brian Finneran',0,0,0,0,0,0,0,0,0,0,0,0,0,0,0,0,0,0,0,0,0,0,0,0,0,0,0,0,'ATL','OPP','OK',0
1348,'TE1','Tony Gonzalez',0,0,0,0,0,0,0,0,0,0,0,0,0,0,0,0,0,0,0,0,0,0,0,0,0,0,0,0,'ATL','OPP','OK',0
1349,'TE2','Justin Peelle',0,0,0,0,0,0,0,0,0,0,0,0,0,0,0,0,0,0,0,0,0,0,0,0,0,0,0,0,'ATL','OPP','OK',0
1350,'K','Matt Bryant',0,0,0,0,0,0,0,0,0,0,0,0,0,0,0,0,0,0,0,0,0,0,0,0,0,0,0,0,'ATL','OPP','OK',0
1351,'QB1','Matt Moore',0,0,0,0,0,0,0,0,0,0,0,0,0,0,0,0,0,0,0,0,0,0,0,0,0,0,0,0,'CAR','OPP','OK',0
1352,'QB2','Jimmy Clausen',0,0,0,0,0,0,0,0,0,0,0,0,0,0,0,0,0,0,0,0,0,0,0,0,0,0,0,0,'CAR','OPP','OK',0
1353,'RB1','D. Williams',0,0,0,0,0,0,0,0,0,0,0,0,0,0,0,0,0,0,0,0,0,0,0,0,0,0,0,0,'CAR','OPP','OK',0
1354,'RB2','Jonathan Stewart',0,0,0,0,0,0,0,0,0,0,0,0,0,0,0,0,0,0,0,0,0,0,0,0,0,0,0,0,'CAR','OPP','OK',0
1355,'RB3','Mike Goodson',0,0,0,0,0,0,0,0,0,0,0,0,0,0,0,0,0,0,0,0,0,0,0,0,0,0,0,0,'CAR','OPP','OK',0
1356,'RB4','Tony Fiammetta',0,0,0,0,0,0,0,0,0,0,0,0,0,0,0,0,0,0,0,0,0,0,0,0,0,0,0,0,'CAR','OPP','OK',0
1357,'WR1','Steve Smith',0,0,0,0,0,0,0,0,0,0,0,0,0,0,0,0,0,0,0,0,0,0,0,0,0,0,0,0,'CAR','OPP','OK',0
1358,'WR2','Brandon Lafell',0,0,0,0,0,0,0,0,0,0,0,0,0,0,0,0,0,0,0,0,0,0,0,0,0,0,0,0,'CAR','OPP','OK',0
1359,'WR3','David Gettis',0,0,0,0,0,0,0,0,0,0,0,0,0,0,0,0,0,0,0,0,0,0,0,0,0,0,0,0,'CAR','OPP','OK',0
1360,'WR4','David Clowney',0,0,0,0,0,0,0,0,0,0,0,0,0,0,0,0,0,0,0,0,0,0,0,0,0,0,0,0,'CAR','OPP','OK',0
1361,'TE1','Jeff King',0,0,0,0,0,0,0,0,0,0,0,0,0,0,0,0,0,0,0,0,0,0,0,0,0,0,0,0,'CAR','OPP','OK',0
1362,'TE2','Gary Barnidge',0,0,0,0,0,0,0,0,0,0,0,0,0,0,0,0,0,0,0,0,0,0,0,0,0,0,0,0,'CAR','OPP','OK',0
1363,'K','John Kasay',0,0,0,0,0,0,0,0,0,0,0,0,0,0,0,0,0,0,0,0,0,0,0,0,0,0,0,0,'CAR','OPP','OK',0
1364,'QB1','Alex Smith',0,0,0,0,0,0,0,0,0,0,0,0,0,0,0,0,0,0,0,0,0,0,0,0,0,0,0,0,'SF ','OPP','OK',0
1365,'QB2','Troy Smith',0,0,0,0,0,0,0,0,0,0,0,0,0,0,0,0,0,0,0,0,0,0,0,0,0,0,0,0,'SF ','OPP','OK',0
1366,'RB1','Frank Gore',0,0,0,0,0,0,0,0,0,0,0,0,0,0,0,0,0,0,0,0,0,0,0,0,0,0,0,0,'SF ','OPP','OK',0
1367,'RB2','Moran Norris',0,0,0,0,0,0,0,0,0,0,0,0,0,0,0,0,0,0,0,0,0,0,0,0,0,0,0,0,'SF ','OPP','OK',0
1368,'RB3','Brian Westbrook',0,0,0,0,0,0,0,0,0,0,0,0,0,0,0,0,0,0,0,0,0,0,0,0,0,0,0,0,'SF ','OPP','OK',0
1369,'RB4','Anthony Dixon',0,0,0,0,0,0,0,0,0,0,0,0,0,0,0,0,0,0,0,0,0,0,0,0,0,0,0,0,'SF ','OPP','OK',0
1370,'WR1','Michael Crabtree',0,0,0,0,0,0,0,0,0,0,0,0,0,0,0,0,0,0,0,0,0,0,0,0,0,0,0,0,'SF ','OPP','OK',0
1371,'WR2','Josh Morgan',0,0,0,0,0,0,0,0,0,0,0,0,0,0,0,0,0,0,0,0,0,0,0,0,0,0,0,0,'SF ','OPP','OK',0
1372,'WR3','Ted Ginn',0,0,0,0,0,0,0,0,0,0,0,0,0,0,0,0,0,0,0,0,0,0,0,0,0,0,0,0,'SF ','OPP','OK',0
1373,'WR4','D. Zeigler',0,0,0,0,0,0,0,0,0,0,0,0,0,0,0,0,0,0,0,0,0,0,0,0,0,0,0,0,'SF ','OPP','OK',0
1374,'TE1','Vernon Davis',0,0,0,0,0,0,0,0,0,0,0,0,0,0,0,0,0,0,0,0,0,0,0,0,0,0,0,0,'SF ','OPP','OK',0
1375,'TE2','Delanie Walker',0,0,0,0,0,0,0,0,0,0,0,0,0,0,0,0,0,0,0,0,0,0,0,0,0,0,0,0,'SF ','OPP','OK',0
1376,'K','Joe Nedney',0,0,0,0,0,0,0,0,0,0,0,0,0,0,0,0,0,0,0,0,0,0,0,0,0,0,0,0,'SF ','OPP','OK',0
1377,'QB1','Sam Bradford',0,0,0,0,0,0,0,0,0,0,0,0,0,0,0,0,0,0,0,0,0,0,0,0,0,0,0,0,'STL','OPP','OK',0
1378,'QB2','A.J. Feeley',0,0,0,0,0,0,0,0,0,0,0,0,0,0,0,0,0,0,0,0,0,0,0,0,0,0,0,0,'STL','OPP','OK',0
1379,'RB1','Steven Jackson',0,0,0,0,0,0,0,0,0,0,0,0,0,0,0,0,0,0,0,0,0,0,0,0,0,0,0,0,'STL','OPP','OK',0
1380,'RB2','Mike Karney',0,0,0,0,0,0,0,0,0,0,0,0,0,0,0,0,0,0,0,0,0,0,0,0,0,0,0,0,'STL','OPP','OK',0
1381,'RB3','Kenneth Darby',0,0,0,0,0,0,0,0,0,0,0,0,0,0,0,0,0,0,0,0,0,0,0,0,0,0,0,0,'STL','OPP','OK',0
1382,'RB4','Keith Toston',0,0,0,0,0,0,0,0,0,0,0,0,0,0,0,0,0,0,0,0,0,0,0,0,0,0,0,0,'STL','OPP','OK',0
1383,'WR1','Mark Clayton',0,0,0,0,0,0,0,0,0,0,0,0,0,0,0,0,0,0,0,0,0,0,0,0,0,0,0,0,'STL','OPP','OK',0
1384,'WR2','Brandon Gibson',0,0,0,0,0,0,0,0,0,0,0,0,0,0,0,0,0,0,0,0,0,0,0,0,0,0,0,0,'STL','OPP','OK',0
1385,'WR3','Danny Amendola',0,0,0,0,0,0,0,0,0,0,0,0,0,0,0,0,0,0,0,0,0,0,0,0,0,0,0,0,'STL','OPP','OK',0
1386,'WR4','L. Robinson',0,0,0,0,0,0,0,0,0,0,0,0,0,0,0,0,0,0,0,0,0,0,0,0,0,0,0,0,'STL','OPP','OK',0
1387,'TE1','Billy Bajema',0,0,0,0,0,0,0,0,0,0,0,0,0,0,0,0,0,0,0,0,0,0,0,0,0,0,0,0,'STL','OPP','OK',0
1388,'TE2','Daniel Fells',0,0,0,0,0,0,0,0,0,0,0,0,0,0,0,0,0,0,0,0,0,0,0,0,0,0,0,0,'STL','OPP','OK',0
1389,'K','Josh Brown',0,0,0,0,0,0,0,0,0,0,0,0,0,0,0,0,0,0,0,0,0,0,0,0,0,0,0,0,'STL','OPP','OK',0
1390,'QB1','Matt Hasselbeck',0,0,0,0,0,0,0,0,0,0,0,0,0,0,0,0,0,0,0,0,0,0,0,0,0,0,0,0,'SEA','OPP','OK',0
1391,'QB2','C. Whitehurst',0,0,0,0,0,0,0,0,0,0,0,0,0,0,0,0,0,0,0,0,0,0,0,0,0,0,0,0,'SEA','OPP','OK',0
1392,'RB1','Marshawn Lynch',0,0,0,0,0,0,0,0,0,0,0,0,0,0,0,0,0,0,0,0,0,0,0,0,0,0,0,0,'SEA','OPP','OK',0
1393,'RB2','Leon Washington',0,0,0,0,0,0,0,0,0,0,0,0,0,0,0,0,0,0,0,0,0,0,0,0,0,0,0,0,'SEA','OPP','OK',0
1394,'RB3','Justin Forsett',0,0,0,0,0,0,0,0,0,0,0,0,0,0,0,0,0,0,0,0,0,0,0,0,0,0,0,0,'SEA','OPP','OK',0
1395,'RB4','M. Robinson',0,0,0,0,0,0,0,0,0,0,0,0,0,0,0,0,0,0,0,0,0,0,0,0,0,0,0,0,'SEA','OPP','OK',0
1396,'WR1','Mike Williams',0,0,0,0,0,0,0,0,0,0,0,0,0,0,0,0,0,0,0,0,0,0,0,0,0,0,0,0,'SEA','OPP','OK',0
1397,'WR2','Ben Obomanu',0,0,0,0,0,0,0,0,0,0,0,0,0,0,0,0,0,0,0,0,0,0,0,0,0,0,0,0,'SEA','OPP','OK',0
1398,'WR3','Brandon Stokley',0,0,0,0,0,0,0,0,0,0,0,0,0,0,0,0,0,0,0,0,0,0,0,0,0,0,0,0,'SEA','OPP','OK',0
1399,'WR4','Ruvell Martin',0,0,0,0,0,0,0,0,0,0,0,0,0,0,0,0,0,0,0,0,0,0,0,0,0,0,0,0,'SEA','OPP','OK',0
1400,'TE1','John Carlson',0,0,0,0,0,0,0,0,0,0,0,0,0,0,0,0,0,0,0,0,0,0,0,0,0,0,0,0,'SEA','OPP','OK',0
1401,'TE2','Chris Baker',0,0,0,0,0,0,0,0,0,0,0,0,0,0,0,0,0,0,0,0,0,0,0,0,0,0,0,0,'SEA','OPP','OK',0
1402,'K','Orlindo Mare',0,0,0,0,0,0,0,0,0,0,0,0,0,0,0,0,0,0,0,0,0,0,0,0,0,0,0,0,'SEA','OPP','OK',0
1403,'QB1','Derek Anderson',0,0,0,0,0,0,0,0,0,0,0,0,0,0,0,0,0,0,0,0,0,0,0,0,0,0,0,0,'ARZ','OPP','OK',0
1404,'QB2','John Skelton',0,0,0,0,0,0,0,0,0,0,0,0,0,0,0,0,0,0,0,0,0,0,0,0,0,0,0,0,'ARZ','OPP','OK',0
1405,'RB1','Tim Hightower',0,0,0,0,0,0,0,0,0,0,0,0,0,0,0,0,0,0,0,0,0,0,0,0,0,0,0,0,'ARZ','OPP','OK',0
1406,'RB2','Reagan Mauia',0,0,0,0,0,0,0,0,0,0,0,0,0,0,0,0,0,0,0,0,0,0,0,0,0,0,0,0,'ARZ','OPP','OK',0
1407,'RB3','Beanie Wells',0,0,0,0,0,0,0,0,0,0,0,0,0,0,0,0,0,0,0,0,0,0,0,0,0,0,0,0,'ARZ','OPP','OK',0
1408,'RB4','L.S. Howling',0,0,0,0,0,0,0,0,0,0,0,0,0,0,0,0,0,0,0,0,0,0,0,0,0,0,0,0,'ARZ','OPP','OK',0
1409,'WR1','Larry Fitzgerald',0,0,0,0,0,0,0,0,0,0,0,0,0,0,0,0,0,0,0,0,0,0,0,0,0,0,0,0,'ARZ','OPP','OK',0
1410,'WR2','Steve Breaston',0,0,0,0,0,0,0,0,0,0,0,0,0,0,0,0,0,0,0,0,0,0,0,0,0,0,0,0,'ARZ','OPP','OK',0
1411,'WR3','Early Doucet',0,0,0,0,0,0,0,0,0,0,0,0,0,0,0,0,0,0,0,0,0,0,0,0,0,0,0,0,'ARZ','OPP','OK',0
1412,'WR4','Andre Roberts',0,0,0,0,0,0,0,0,0,0,0,0,0,0,0,0,0,0,0,0,0,0,0,0,0,0,0,0,'ARZ','OPP','OK',0
1413,'TE1','Ben Patrick',0,0,0,0,0,0,0,0,0,0,0,0,0,0,0,0,0,0,0,0,0,0,0,0,0,0,0,0,'ARZ','OPP','OK',0
1414,'TE2','Stephen Spach',0,0,0,0,0,0,0,0,0,0,0,0,0,0,0,0,0,0,0,0,0,0,0,0,0,0,0,0,'ARZ','OPP','OK',0
1415,'K','Jay Feely',0,0,0,0,0,0,0,0,0,0,0,0,0,0,0,0,0,0,0,0,0,0,0,0,0,0,0,0,'ARZ','OPP','OK',0
