QB1,qb,BILLS,176,121,35,5,3190,0,0,0,,,,,,,,,,,,,,,,,,,,,,3
QB2,frank,REICH,0,0,0,0,0,0,0,0,,,,,,,,,,,,,,,,,,,,,,0
RB1,thurman,THOMAS,,,,,,123,1141,6,26,11,634,0,0,0,0,0,0,,,,,,,,,,,,1,1
RB2,jamie,MUELLER,,,,,,66,374,12,10,1,221,0,0,0,0,0,0,,,,,,,,,,,,,0
RB3,kenneth,DAVIS,,,,,,26,263,4,2,2,24,0,0,0,0,0,0,,,,,,,,,,,,,2
RB4,don,SMITH,,,,,,0,0,0,0,0,0,51,843,0,0,0,0,,,,,,,,,,,,,1
WR1,james,LOFTON,,,,,,0,0,0,21,7,662,0,0,0,0,0,0,,,,,,,,,,,,1,1
WR2,andre,REED,,,,,,0,0,0,34,5,854,0,0,0,0,0,0,,,,,,,,,,,,,0
WR3,don,BEEBE,,,,,,0,0,0,3,1,54,0,0,0,0,0,0,,,,,,,,,,,,,3
WR4,al,EDWARDS,,,,,,0,0,0,0,0,0,0,0,0,14,121,0,,,,,,,,,,,,,1
TE1,keith,MCKELLER,,,,,,0,0,0,25,8,741,0,0,0,0,0,0,,,,,,,,,,,,,2
TE2,pete,METZELAARS,,,,,,0,0,0,0,0,0,0,0,0,0,0,0,,,,,,,,,,,,,2
RE,bruce,SMITH,,,,,,,,,,,,,,,,,,,21,0,0,0,,,,,,,,2
NT,jeff,WRIGHT,,,,,,,,,,,,,,,,,,,2,0,0,0,,,,,,,,2
LE,leon,SEALS,,,,,,,,,,,,,,,,,,,8,2,0,20,,,,,,,,3
ROLB,darryl,TALLEY,,,,,,,,,,,,,,,,,,,5,1,0,4,,,,,,,,0
RILB,ray,BENTLEY,,,,,,,,,,,,,,,,,,,2,0,0,0,,,,,,,,2
LILB,shane,CONLAN,,,,,,,,,,,,,,,,,,,3,4,1,93,,,,,,,,1
LOLB,c.,BENNETT,,,,,,,,,,,,,,,,,,,8,0,0,0,,,,,,,,2
RCB,nate,ODOMES,,,,,,,,,,,,,,,,,,,0,1,0,8,,,,,,,,1
LCB,kirby,JACKSON,,,,,,,,,,,,,,,,,,,0,8,0,156,,,,,,,,2
FS,mark,KELSO,,,,,,,,,,,,,,,,,,,1,8,1,126,,,,,,,,1
SS,leonard,SMITH,,,,,,,,,,,,,,,,,,,0,2,0,8,,,,,,,,2
K,scott,NORWOOD,,,,,,,,,,,,,,,,,,,,,,,59,55,13,9,,,,1
P,rick,TUTEN,,,,,,,,,,,,,,,,,,,,,,,,,,,16,654,,0
QB1,jeff,GEORGE,236,132,31,12,3298,0,0,0,,,,,,,,,,,,,,,,,,,,,,1
QB2,jack,TRUDEAU,0,0,0,0,0,0,0,0,,,,,,,,,,,,,,,,,,,,,,2
RB1,ivy joe,HUNTER,,,,,,40,260,1,9,0,224,0,0,0,0,0,0,,,,,,,,,,,,,3
RB2,albert,BENTLEY,,,,,,152,1024,7,43,7,975,0,0,0,0,0,0,,,,,,,,,,,,,0
RB3,anthony,JOHNSON,,,,,,10,36,1,0,0,0,0,0,0,0,0,0,,,,,,,,,,,,,1
RB4,ken,CLARK,,,,,,6,52,0,2,0,61,0,0,0,0,0,0,,,,,,,,,,,,,1
WR1,bill,BROOKS,,,,,,0,0,0,29,9,772,0,0,0,0,0,0,,,,,,,,,,,,,3
WR2,jessie,HESTER,,,,,,0,0,0,45,15,1170,0,0,0,0,0,0,,,,,,,,,,,,,1
WR3,clarence,VERDIN,,,,,,0,0,0,1,0,32,67,996,0,12,81,0,,,,,,,,,,,,,1
WR4,stanley,MORGAN,,,,,,0,0,0,0,0,0,0,0,0,0,0,0,,,,,,,,,,,,,3
TE1,pat,BEACH,,,,,,0,0,0,3,0,64,0,0,0,0,0,0,,,,,,,,,,,,,1
TE2,orson,MOBLEY,,,,,,0,0,0,0,0,0,0,0,0,0,0,0,,,,,,,,,,,,,1
RE,jon,HAND,,,,,,,,,,,,,,,,,,,4,0,0,0,,,,,,,,0
NT,harvey,ARMSTRONG,,,,,,,,,,,,,,,,,,,1,0,0,0,,,,,,,,3
LE,sam,CLANCY,,,,,,,,,,,,,,,,,,,10,1,0,0,,,,,,,,1
ROLB,duane,BICKETT,,,,,,,,,,,,,,,,,,,5,1,0,3,,,,,,,,2
RILB,fredd,YOUNG,,,,,,,,,,,,,,,,,,,2,0,0,0,,,,,,,,2
LILB,jeff,HERROD,,,,,,,,,,,,,,,,,,,10,1,0,6,,,,,,,,1
LOLB,chip,BANKS,,,,,,,,,,,,,,,,,,,5,2,0,0,,,,,,,,3
RCB,eugene,DANIEL,,,,,,,,,,,,,,,,,,,0,2,0,11,,,,,,,,3
LCB,chris,GOODE,,,,,,,,,,,,,,,,,,,0,1,0,0,,,,,,,,0
FS,mike,PRIOR,,,,,,,,,,,,,,,,,,,0,1,0,3,,,,,,,,1
SS,keith,TAYLOR,,,,,,,,,,,,,,,,,,,2,2,0,14,,,,,,,,2
K,dean,BIASUCCI,,,,,,,,,,,,,,,,,,,,,,,39,38,12,8,,,,0
P,rohn,STARK,,,,,,,,,,,,,,,,,,,,,,,,,,,20,1001,,3
QB1,dan,MARINO,217,140,30,18,3716,0,0,0,,,,,,,,,,,,,,,,,,,,,,3
QB2,scott,MITCHELL,0,0,0,0,0,0,0,0,,,,,,,,,,,,,,,,,,,,,,2
RB1,sammie,SMITH,,,,,,80,707,9,6,3,149,0,0,0,0,0,0,,,,,,,,,,,,,1
RB2,tony,PAIGE,,,,,,87,579,14,24,3,576,0,0,0,0,0,0,,,,,,,,,,,,,1
RB3,marc,LOGAN,,,,,,8,28,0,0,0,0,68,1042,0,0,0,0,,,,,,,,,,,,,1
RB4,troy,STRADFORD,,,,,,0,0,0,0,0,0,0,0,0,0,0,0,,,,,,,,,,,,,1
WR1,mark,CLAYTON,,,,,,0,0,0,41,6,1211,0,0,0,0,0,0,,,,,,,,,,,,,0
WR2,mark,DUPER,,,,,,0,0,0,39,12,1006,0,0,0,0,0,0,,,,,,,,,,,,,1
WR3,fred,BANKS,,,,,,0,0,0,0,0,0,0,0,0,0,0,0,,,,,,,,,,,,,2
WR4,tony,MARTIN,,,,,,0,0,0,0,0,0,0,0,0,17,119,0,,,,,,,,,,,,,3
TE1,ferrell,EDMUNDS,,,,,,0,0,0,30,6,774,0,0,0,0,0,0,,,,,,,,,,,,,2
TE2,jim,JENSEN,,,,,,0,0,0,0,0,0,0,0,0,0,0,0,,,,,,,,,,,,,1
RE,jeff,CROSS,,,,,,,,,,,,,,,,,,,20,0,0,0,,,,,,,,2
NT,shawn,LEE,,,,,,,,,,,,,,,,,,,0,0,0,0,,,,,,,,0
LE,karl,WILSON,,,,,,,,,,,,,,,,,,,6,0,0,0,,,,,,,,2
ROLB,hugh,GREEN,,,,,,,,,,,,,,,,,,,2,0,0,0,,,,,,,,2
RILB,cliff,ODOM,,,,,,,,,,,,,,,,,,,0,0,0,0,,,,,,,,2
LILB,john,OFFERDAHL,,,,,,,,,,,,,,,,,,,3,0,0,0,,,,,,,,3
LOLB,david,GRIGGS,,,,,,,,,,,,,,,,,,,8,0,0,0,,,,,,,,1
RCB,j.b.,BROWN,,,,,,,,,,,,,,,,,,,1,1,0,11,,,,,,,,3
LCB,tim,MCKYER,,,,,,,,,,,,,,,,,,,1,8,0,47,,,,,,,,2
FS,louis,OLIVER,,,,,,,,,,,,,,,,,,,1,6,0,26,,,,,,,,0
SS,jarvis,WILLIAMS,,,,,,,,,,,,,,,,,,,4,2,0,13,,,,,,,,2
K,pete,STOYANOVICH,,,,,,,,,,,,,,,,,,,,,,,53,51,10,9,,,,1
P,reggie,ROBY,,,,,,,,,,,,,,,,,,,,,,,,,,,17,865,,2
QB1,steve,GROGAN,221,128,31,20,3129,0,0,0,,,,,,,,,,,,,,,,,,,,,,2
QB2,marc,WILSON,0,0,0,0,0,0,0,0,,,,,,,,,,,,,,,,,,,,,,1
RB1,marvin,ALLEN,,,,,,42,243,2,3,2,75,0,0,0,0,0,0,,,,,,,,,,,,,2
RB2,john,STEPHENS,,,,,,138,972,11,11,2,267,0,0,0,0,0,0,,,,,,,,,,,,,1
RB3,george,ADAMS,,,,,,3,14,0,2,0,43,0,0,0,0,0,0,,,,,,,,,,,,,1
RB4,mosi,TATUPU,,,,,,0,0,0,0,0,0,0,0,0,0,0,0,,,,,,,,,,,,,2
WR1,irving,FRYAR,,,,,,0,0,0,45,14,1197,0,0,0,5,48,0,,,,,,,,,,,,,1
WR2,hart lee,DYKES,,,,,,0,0,0,30,8,622,0,0,0,0,0,0,,,,,,,,,,,,,3
WR3,greg,MCMURTY,,,,,,0,0,0,0,0,0,0,0,0,0,0,0,,,,,,,,,,,,,1
WR4,sammy,MARTIN,,,,,,0,0,0,0,0,0,87,1450,0,0,0,0,,,,,,,,,,,,,3
TE1,marv,COOK,,,,,,0,0,0,37,5,925,0,0,0,0,0,0,,,,,,,,,,,,,3
TE2,eric,SIEVERS,,,,,,0,0,0,0,0,0,0,0,0,0,0,0,,,,,,,,,,,,,1
RE,garin,VERIS,,,,,,,,,,,,,,,,,,,6,0,0,0,,,,,,,,2
NT,tim,GOAD,,,,,,,,,,,,,,,,,,,2,0,0,0,,,,,,,,0
LE,ray,AGNEW,,,,,,,,,,,,,,,,,,,9,0,0,0,,,,,,,,0
ROLB,andre,TIPPETT,,,,,,,,,,,,,,,,,,,8,0,0,0,,,,,,,,1
RILB,ed,REYNOLDS,,,,,,,,,,,,,,,,,,,3,0,0,0,,,,,,,,2
LILB,richard,HARVEY,,,,,,,,,,,,,,,,,,,0,0,0,0,,,,,,,,0
LOLB,chris,SINGLETON,,,,,,,,,,,,,,,,,,,6,0,0,0,,,,,,,,3
RCB,maurice,HURST,,,,,,,,,,,,,,,,,,,0,2,0,10,,,,,,,,1
LCB,ronnie,LIPPETT,,,,,,,,,,,,,,,,,,,0,4,0,31,,,,,,,,3
FS,fred,MARION,,,,,,,,,,,,,,,,,,,0,3,0,26,,,,,,,,1
SS,rod,MCSWAIN,,,,,,,,,,,,,,,,,,,2,0,0,0,,,,,,,,1
K,jason,STAUROVSKY,,,,,,,,,,,,,,,,,,,,,,,44,43,9,8,,,,2
P,brian,HANSEN,,,,,,,,,,,,,,,,,,,,,,,,,,,18,763,,0
QB1,ken,O.BRIEN,197,104,21,16,2599,1,16,0,,,,,,,,,,,,,,,,,,,,,,1
QB2,tony,EASON,0,0,0,0,0,0,0,0,,,,,,,,,,,,,,,,,,,,,,0
RB1,blair,THOMAS,,,,,,109,741,2,13,4,317,0,0,0,0,0,0,,,,,,,,,,,,,0
RB2,freeman,MCNEIL,,,,,,100,575,11,9,0,189,0,0,0,0,0,0,,,,,,,,,,,,,0
RB3,brad,BAXTER,,,,,,31,271,3,3,2,70,0,0,0,0,0,0,,,,,,,,,,,,,3
RB4,johnny,HECTOR,,,,,,0,0,0,0,0,0,0,0,0,0,0,0,,,,,,,,,,,,,1
WR1,al,TOON,,,,,,0,0,0,31,5,892,0,0,0,0,0,0,,,,,,,,,,,,,1
WR2,rob,MOORE,,,,,,0,0,0,31,7,758,0,0,0,0,0,0,,,,,,,,,,,,,2
WR3,terance,MATHIS,,,,,,0,0,0,0,0,0,62,1082,0,21,210,0,,,,,,,,,,,,,0
WR4,jojo,TOWNSELL,,,,,,0,0,0,0,0,0,0,0,0,0,0,0,,,,,,,,,,,,,1
TE1,mark,BOYER,,,,,,0,0,0,17,3,373,0,0,0,0,0,0,,,,,,,,,,,,,1
TE2,doug,WELLSANDT,,,,,,0,0,0,0,0,0,0,0,0,0,0,0,,,,,,,,,,,,,0
RE,jeff,LAGEMAN,,,,,,,,,,,,,,,,,,,3,0,0,0,,,,,,,,1
NT,scott,MERSEREAU,,,,,,,,,,,,,,,,,,,13,0,0,0,,,,,,,,2
LE,ron,STALLWORTH,,,,,,,,,,,,,,,,,,,3,0,0,0,,,,,,,,0
ROLB,joe,KELLY,,,,,,,,,,,,,,,,,,,0,0,0,0,,,,,,,,0
RILB,dennis,BYRD,,,,,,,,,,,,,,,,,,,21,0,0,0,,,,,,,,2
LILB,kyle,CLIFTON,,,,,,,,,,,,,,,,,,,3,1,0,4,,,,,,,,2
LOLB,joe,MOTT,,,,,,,,,,,,,,,,,,,3,0,0,0,,,,,,,,0
RCB,james,HASTY,,,,,,,,,,,,,,,,,,,0,4,0,22,,,,,,,,2
LCB,tony,STARGELL,,,,,,,,,,,,,,,,,,,0,2,0,16,,,,,,,,2
FS,erik,MCMILLAN,,,,,,,,,,,,,,,,,,,0,3,0,22,,,,,,,,1
SS,brian,WASHINGTON,,,,,,,,,,,,,,,,,,,2,2,0,16,,,,,,,,3
K,pat,LEAHY,,,,,,,,,,,,,,,,,,,,,,,37,36,27,21,,,,1
P,joe,PROKOP,,,,,,,,,,,,,,,,,,,,,,,,,,,15,726,,1
QB1,boomer,ESIASON,201,121,36,10,3053,0,0,0,,,,,,,,,,,,,,,,,,,,,,2
QB2,erik,WILHELM,0,0,0,0,0,0,0,0,,,,,,,,,,,,,,,,,,,,,,1
RB1,james,BROOKS,,,,,,105,1093,8,25,4,556,0,0,0,0,0,0,,,,,,,,,,,,,0
RB2,ickey,WOODS,,,,,,96,709,9,14,4,307,0,0,0,0,0,0,,,,,,,,,,,,,2
RB3,harold,GREEN,,,,,,6,16,1,0,0,0,0,0,0,1,18,0,,,,,,,,,,,,,2
RB4,s.,JENNINGS,,,,,,0,0,0,0,0,0,72,1112,0,0,0,0,,,,,,,,,,,,,0
WR1,tim,MCGEE,,,,,,0,0,0,37,14,903,0,0,0,0,0,0,,,,,,,,,,,,,0
WR2,eddie,BROWN,,,,,,0,0,0,21,5,536,0,0,0,0,0,0,,,,,,,,,,,,,2
WR3,kendal,SMITH,,,,,,0,0,0,0,0,0,0,0,0,13,94,0,,,,,,,,,,,,,1
WR4,mike,BARBER,,,,,,0,0,0,0,0,0,0,0,0,0,0,0,,,,,,,,,,,,,0
TE1,rodney,HOLMAN,,,,,,0,0,0,24,9,751,0,0,0,0,0,0,,,,,,,,,,,,,3
TE2,eric,KATTUS,,,,,,0,0,0,0,0,0,0,0,0,0,0,0,,,,,,,,,,,,,1
RE,jason,BUCK,,,,,,,,,,,,,,,,,,,1,0,0,0,,,,,,,,2
NT,tim,KRUMRIE,,,,,,,,,,,,,,,,,,,7,2,0,13,,,,,,,,2
LE,skip,MCCLENDON,,,,,,,,,,,,,,,,,,,6,1,0,0,,,,,,,,0
ROLB,james,FRANCIS,,,,,,,,,,,,,,,,,,,10,0,0,0,,,,,,,,0
RILB,kevin,WALKER,,,,,,,,,,,,,,,,,,,0,0,0,0,,,,,,,,2
LILB,carl,ZANDER,,,,,,,,,,,,,,,,,,,2,0,0,0,,,,,,,,2
LOLB,leon,WHITE,,,,,,,,,,,,,,,,,,,1,0,0,0,,,,,,,,1
RCB,carl,CARTER,,,,,,,,,,,,,,,,,,,0,5,0,44,,,,,,,,2
LCB,lewis,BILLUPS,,,,,,,,,,,,,,,,,,,0,2,0,5,,,,,,,,3
FS,barney,BUSSEY,,,,,,,,,,,,,,,,,,,5,7,0,68,,,,,,,,0
SS,david,FULCHER,,,,,,,,,,,,,,,,,,,1,0,0,0,,,,,,,,2
K,jim,BREECH,,,,,,,,,,,,,,,,,,,,,,,54,53,13,10,,,,2
P,lee,JOHNSON,,,,,,,,,,,,,,,,,,,,,,,,,,,18,792,,0
QB1,qb,BROWNS,276,146,28,25,3568,3,36,0,,,,,,,,,,,,,,,,,,,,,,0
QB2,mike,PAGEL,0,0,0,0,0,0,0,0,,,,,,,,,,,,,,,,,,,,,,2
RB1,kevin,MACK,,,,,,69,493,6,25,8,528,0,0,0,0,0,0,,,,,,,,,,,,,1
RB2,eric,METCALF,,,,,,81,451,6,29,6,728,79,1525,0,0,0,0,,,,,,,,,,,,,3
RB3,leroy,HOARD,,,,,,0,0,0,0,0,0,0,0,0,0,0,0,,,,,,,,,,,,,2
RB4,brent,FULLWOOD,,,,,,0,0,0,0,0,0,0,0,0,0,0,0,,,,,,,,,,,,,2
WR1,w.,SLAUGHTER,,,,,,0,0,0,38,6,1000,0,0,0,0,0,0,,,,,,,,,,,,,2
WR2,reggie,LANGHORNE,,,,,,0,0,0,37,5,866,0,0,0,8,61,0,,,,,,,,,,,,,1
WR3,vernon,JOINES,,,,,,0,0,0,0,0,0,0,0,0,0,0,0,,,,,,,,,,,,,0
WR4,brian,BRENNAN,,,,,,0,0,0,0,0,0,0,0,0,0,0,0,,,,,,,,,,,,,1
TE1,ozzie,NEWSOME,,,,,,0,0,0,17,3,446,0,0,0,0,0,0,,,,,,,,,,,,,2
TE2,john,TALLEY,,,,,,0,0,0,0,0,0,0,0,0,0,0,0,,,,,,,,,,,,,1
RE,robert,BANKS,,,,,,,,,,,,,,,,,,,0,0,0,0,,,,,,,,2
NT,chris,PIKE,,,,,,,,,,,,,,,,,,,2,0,0,0,,,,,,,,2
LE,al,BAKER,,,,,,,,,,,,,,,,,,,9,0,0,0,,,,,,,,0
ROLB,tony,BLAYLOCK,,,,,,,,,,,,,,,,,,,2,6,0,46,,,,,,,,2
RILB,david,GRAYSON,,,,,,,,,,,,,,,,,,,5,2,0,13,,,,,,,,0
LILB,mike,JOHNSON,,,,,,,,,,,,,,,,,,,8,1,0,0,,,,,,,,3
LOLB,clay,MATTHEWS,,,,,,,,,,,,,,,,,,,14,0,0,0,,,,,,,,1
RCB,raymond,CLAYBORN,,,,,,,,,,,,,,,,,,,0,4,1,74,,,,,,,,3
LCB,frank,MINNIFIELD,,,,,,,,,,,,,,,,,,,0,1,0,4,,,,,,,,1
FS,thane,GASH,,,,,,,,,,,,,,,,,,,1,3,0,18,,,,,,,,1
SS,felix,WRIGHT,,,,,,,,,,,,,,,,,,,0,6,0,46,,,,,,,,2
K,jerry,KAURIC,,,,,,,,,,,,,,,,,,,,,,,41,40,19,17,,,,1
P,bryan,WAGNER,,,,,,,,,,,,,,,,,,,,,,,,,,,24,1082,,2
QB1,warren,MOON,244,156,48,17,4157,32,205,3,,,,,,,,,,,,,,,,,,,,,,2
QB2,cody,CARLSON,0,0,0,0,0,0,0,0,,,,,,,,,,,,,,,,,,,,,,3
RB1,lorenzo,WHITE,,,,,,79,512,7,0,0,0,0,0,0,0,0,0,,,,,,,,,,,,,2
RB2,ernest,GIVINS,,,,,,0,0,0,35,14,834,0,0,0,0,0,0,,,,,,,,,,,,,1
RB3,allen,PINKETT,,,,,,27,166,3,0,0,0,0,0,0,0,0,0,,,,,,,,,,,,,1
RB4,victor,JONES,,,,,,0,0,0,0,0,0,0,0,0,0,0,0,,,,,,,,,,,,,0
WR1,haywood,JEFFRIES,,,,,,0,0,0,54,17,1382,0,0,0,0,0,0,,,,,,,,,,,,,0
WR2,drew,HILL,,,,,,0,0,0,41,11,1191,0,0,0,0,0,0,,,,,,,,,,,,,2
WR3,doug,LLOYD,,,,,,0,0,0,0,0,0,0,0,0,0,0,0,,,,,,,,,,,,,0
WR4,tony,JONES,,,,,,0,0,0,0,0,0,0,0,0,0,0,0,,,,,,,,,,,,,3
TE1,curtis,DUNCAN,,,,,,0,0,0,26,6,750,0,0,0,0,0,0,,,,,,,,,,,,,3
TE2,gerald,MCNEIL,,,,,,0,0,0,0,0,0,72,1401,0,24,201,0,,,,,,,,,,,,,1
RE,sean,JONES,,,,,,,,,,,,,,,,,,,15,0,0,0,,,,,,,,1
NT,doug,SMITH,,,,,,,,,,,,,,,,,,,5,0,0,0,,,,,,,,2
LE,william,FULLER,,,,,,,,,,,,,,,,,,,12,0,0,0,,,,,,,,1
ROLB,johnny,MEADS,,,,,,,,,,,,,,,,,,,1,0,0,0,,,,,,,,2
RILB,al,SMITH,,,,,,,,,,,,,,,,,,,2,0,0,0,,,,,,,,1
LILB,john,GRIMSLEY,,,,,,,,,,,,,,,,,,,0,1,0,1,,,,,,,,1
LOLB,ray,CHILDRESS,,,,,,,,,,,,,,,,,,,10,0,0,0,,,,,,,,2
RCB,richard,JOHNSON,,,,,,,,,,,,,,,,,,,0,8,1,105,,,,,,,,2
LCB,cris,DISHMAN,,,,,,,,,,,,,,,,,,,0,3,0,27,,,,,,,,1
FS,terry,KINARD,,,,,,,,,,,,,,,,,,,0,7,0,73,,,,,,,,0
SS,bubba,MCDOWELL,,,,,,,,,,,,,,,,,,,2,1,0,13,,,,,,,,3
K,tony,ZENDEJAS,,,,,,,,,,,,,,,,,,,,,,,62,59,16,13,,,,2
P,greg,MONTGOMERY,,,,,,,,,,,,,,,,,,,,,,,,,,,13,612,,2
QB1,bubby,BRISTER,214,114,27,24,2725,1,4,0,,,,,,,,,,,,,,,,,,,,,,0
QB2,rick,STROM,0,0,0,0,0,0,0,0,,,,,,,,,,,,,,,,,,,,,,3
RB1,merril,HOGE,,,,,,114,939,9,25,4,583,0,0,0,0,0,0,,,,,,,,,,,,,1
RB2,warren,WILLIAMS,,,,,,116,701,8,4,0,100,0,0,0,0,0,0,,,,,,,,,,,,1,1
RB3,tim,WORLEY,,,,,,13,88,1,1,0,14,0,0,0,0,0,0,,,,,,,,,,,,,1
RB4,richard,BELL,,,,,,0,0,0,0,0,0,0,0,0,0,0,0,,,,,,,,,,,,,2
WR1,louis,LIPPS,,,,,,0,0,0,43,12,1043,0,0,0,0,0,0,,,,,,,,,,,,,3
WR2,derek,HILL,,,,,,0,0,0,25,5,639,0,0,0,19,184,0,,,,,,,,,,,,,1
WR3,chris,CALLOWAY,,,,,,0,0,0,0,0,0,0,0,0,0,0,0,,,,,,,,,,,,,0
WR4,dwight,STONE,,,,,,0,0,0,0,0,0,69,1102,0,0,0,0,,,,,,,,,,,,,2
TE1,eric,GREEN,,,,,,0,0,0,16,6,346,0,0,0,0,0,0,,,,,,,,,,,,,0
TE2,mike,MULARKEY,,,,,,0,0,0,0,0,0,0,0,0,0,0,0,,,,,,,,,,,,,2
RE,donald,EVANS,,,,,,,,,,,,,,,,,,,4,0,0,0,,,,,,,,1
NT,gerald,WILLIAMS,,,,,,,,,,,,,,,,,,,13,0,0,0,,,,,,,,0
LE,keith,WILLIS,,,,,,,,,,,,,,,,,,,3,0,0,0,,,,,,,,3
ROLB,greg,LLOYD,,,,,,,,,,,,,,,,,,,8,0,0,0,,,,,,,,2
RILB,david,LITTLE,,,,,,,,,,,,,,,,,,,4,0,0,0,,,,,,,,2
LILB,hardy,NICKERSON,,,,,,,,,,,,,,,,,,,1,0,0,0,,,,,,,,1
LOLB,bryan,HINKLE,,,,,,,,,,,,,,,,,,,4,1,0,6,,,,,,,,2
RCB,rod,WOODSON,,,,,,,,,,,,,,,,,,,0,5,0,47,,,,,,,,0
LCB,dwayne,WOODRUFF,,,,,,,,,,,,,,,,,,,0,7,0,57,,,,,,,,3
FS,thomas,EVERETT,,,,,,,,,,,,,,,,,,,2,3,0,38,,,,,,,,1
SS,carnell,LAKE,,,,,,,,,,,,,,,,,,,0,3,0,18,,,,,,,,3
K,gary,ANDERSON,,,,,,,,,,,,,,,,,,,,,,,44,41,20,13,,,,0
P,dan,STRYZINSKI,,,,,,,,,,,,,,,,,,,,,,,,,,,11,529,,3
QB1,john,ELWAY,183,115,32,10,2797,1,0,0,,,,,,,,,,,,,,,,,,,,,,2
QB2,gary,KUBIAK,0,0,0,0,0,0,0,0,,,,,,,,,,,,,,,,,,,,,,1
RB1,bobby,HUMPHREY,,,,,,89,748,7,22,6,521,0,0,0,0,0,0,,,,,,,,,,,,,3
RB2,steve,SEWELL,,,,,,49,316,4,10,0,210,0,0,0,0,0,0,,,,,,,,,,,,,3
RB3,sammy,WINDER,,,,,,0,0,0,0,0,0,0,0,0,0,0,0,,,,,,,,,,,,,3
RB4,melvin,BRATTON,,,,,,0,0,0,0,0,0,0,0,0,0,0,0,,,,,,,,,,,,,1
WR1,vance,JOHNSON,,,,,,47,256,1,27,7,618,76,1395,0,9,82,0,,,,,,,,,,,,,2
WR2,mark,JACKSON,,,,,,0,0,0,37,13,935,0,0,0,0,0,0,,,,,,,,,,,,,0
WR3,ricky,NATTIEL,,,,,,0,0,0,0,0,0,0,0,0,0,0,0,,,,,,,,,,,,,0
WR4,michael,YOUNG,,,,,,0,0,0,0,0,0,0,0,0,0,0,0,,,,,,,,,,,,,2
TE1,clarence,KAY,,,,,,0,0,0,19,6,513,0,0,0,0,0,0,,,,,,,,,,,,,1
TE2,paul,GREEN,,,,,,0,0,0,0,0,0,0,0,0,0,0,0,,,,,,,,,,,,,1
RE,ron,HOLMES,,,,,,,,,,,,,,,,,,,7,0,0,0,,,,,,,,0
NT,greg,KRAGEN,,,,,,,,,,,,,,,,,,,1,0,0,0,,,,,,,,1
LE,warren,POWERS,,,,,,,,,,,,,,,,,,,1,0,0,0,,,,,,,,0
ROLB,karl,MECKLENBURG,,,,,,,,,,,,,,,,,,,1,0,0,0,,,,,,,,1
RILB,michael,BROOKS,,,,,,,,,,,,,,,,,,,2,1,0,7,,,,,,,,3
LILB,marc,MUNFORD,,,,,,,,,,,,,,,,,,,0,0,0,0,,,,,,,,2
LOLB,simon,FLETCHER,,,,,,,,,,,,,,,,,,,20,0,0,0,,,,,,,,3
RCB,wymon,HENDERSON,,,,,,,,,,,,,,,,,,,0,5,1,100,,,,,,,,0
LCB,tyrone,BRAXTON,,,,,,,,,,,,,,,,,,,0,3,0,7,,,,,,,,3
FS,steve,ATWATER,,,,,,,,,,,,,,,,,,,0,1,0,8,,,,,,,,0
SS,dennis,SMITH,,,,,,,,,,,,,,,,,,,0,0,0,0,,,,,,,,3
K,david,TREADWELL,,,,,,,,,,,,,,,,,,,,,,,45,42,12,11,,,,2
P,mike,HORAN,,,,,,,,,,,,,,,,,,,,,,,,,,,21,1063,,1
QB1,steve,DE BERG,185,102,20,10,2524,0,0,0,,,,,,,,,,,,,,,,,,,,,,2
QB2,mike,ELKINS,0,0,0,0,0,0,0,0,,,,,,,,,,,,,,,,,,,,,,2
RB1,christian,OKOYE,,,,,,118,1038,11,14,2,287,0,0,0,0,0,0,,,,,,,,,,,,,1
RB2,barry,WORD,,,,,,129,829,10,9,1,229,0,0,0,0,0,0,,,,,,,,,,,,,1
RB3,todd,MCNAIR,,,,,,7,39,0,3,1,65,66,1119,0,0,0,0,,,,,,,,,,,,,2
RB4,bill,JONES,,,,,,0,0,0,0,0,0,0,0,0,0,0,0,,,,,,,,,,,,,0
WR1,robb,THOMAS,,,,,,0,0,0,32,5,826,0,0,0,0,0,0,,,,,,,,,,,,,1
WR2,stephone,PAIGE,,,,,,0,0,0,44,11,1117,0,0,0,0,0,0,,,,,,,,,,,,,2
WR3,j.j.,BIRDEN,,,,,,0,0,0,0,0,0,0,0,0,11,53,0,,,,,,,,,,,,,2
WR4,emile,HARRY,,,,,,0,0,0,0,0,0,0,0,0,0,0,0,,,,,,,,,,,,,1
TE1,alfredo,ROBERTS,,,,,,0,0,0,0,0,0,0,0,0,0,0,0,,,,,,,,,,,,,1
TE2,jonathan,HAYES,,,,,,0,0,0,0,0,0,0,0,0,0,0,0,,,,,,,,,,,,,3
RE,bill,MAAS,,,,,,,,,,,,,,,,,,,4,0,0,0,,,,,,,,0
NT,dan,SALEAUMUA,,,,,,,,,,,,,,,,,,,5,0,0,0,,,,,,,,3
LE,neil,SMITH,,,,,,,,,,,,,,,,,,,3,0,0,0,,,,,,,,1
ROLB,derrick,THOMAS,,,,,,,,,,,,,,,,,,,21,0,0,0,,,,,,,,1
RILB,dino,HACKETT,,,,,,,,,,,,,,,,,,,1,0,0,0,,,,,,,,3
LILB,percy,SNOW,,,,,,,,,,,,,,,,,,,1,0,0,0,,,,,,,,2
LOLB,chris,MARTIN,,,,,,,,,,,,,,,,,,,3,0,0,0,,,,,,,,1
RCB,kevin,ROSS,,,,,,,,,,,,,,,,,,,0,3,0,24,,,,,,,,2
LCB,albert,LEWIS,,,,,,,,,,,,,,,,,,,0,1,0,13,,,,,,,,0
FS,deron,CHERRY,,,,,,,,,,,,,,,,,,,0,4,0,13,,,,,,,,0
SS,kevin,PORTER,,,,,,,,,,,,,,,,,,,2,1,0,3,,,,,,,,0
K,nick,LOWERY,,,,,,,,,,,,,,,,,,,,,,,41,39,15,12,,,,1
P,bryan,BARKER,,,,,,,,,,,,,,,,,,,,,,,,,,,17,741,,1
QB1,jay,SCHROEDER,155,96,27,10,2614,0,0,0,,,,,,,,,,,,,,,,,,,,,,0
QB2,steve,BEUERLEIN,0,0,0,0,0,0,0,0,,,,,,,,,,,,,,,,,,,,,,0
RB1,bo,JACKSON,,,,,,118,1251,17,6,0,162,0,0,0,0,0,0,,,,,,,,,,,,,2
RB2,marcus,ALLEN,,,,,,123,879,11,14,3,334,0,0,0,0,0,0,,,,,,,,,,,,,1
RB3,steve,SMITH,,,,,,0,0,0,0,0,0,0,0,0,0,0,0,,,,,,,,,,,,,1
RB4,greg,BELL,,,,,,0,0,0,0,0,0,0,0,0,0,0,0,,,,,,,,,,,,,2
WR1,mervyn,FERNANDEZ,,,,,,0,0,0,33,7,933,0,0,0,0,0,0,,,,,,,,,,,,,1
WR2,willie,GAULT,,,,,,0,0,0,29,14,773,0,0,0,0,0,0,,,,,,,,,,,,,0
WR3,tim,BROWN,,,,,,0,0,0,0,0,0,67,1269,0,9,90,0,,,,,,,,,,,,,0
WR4,sam,GRADDY,,,,,,0,0,0,0,0,0,0,0,0,0,0,0,,,,,,,,,,,,,0
TE1,ethan,HORTON,,,,,,0,0,0,14,3,412,0,0,0,0,0,0,,,,,,,,,,,,,2
TE2,mike,DYAL,,,,,,0,0,0,0,0,0,0,0,0,0,0,0,,,,,,,,,,,,,0
RE,greg,TOWNSEND,,,,,,,,,,,,,,,,,,,10,3,0,10,,,,,,,,3
NT,bob,GOLIC,,,,,,,,,,,,,,,,,,,0,0,0,0,,,,,,,,1
LE,howie,LONG,,,,,,,,,,,,,,,,,,,7,0,0,0,,,,,,,,2
ROLB,aaron,WALLACE,,,,,,,,,,,,,,,,,,,6,0,0,0,,,,,,,,1
RILB,scott,DAVIS,,,,,,,,,,,,,,,,,,,19,0,0,0,,,,,,,,1
LILB,riki,ELLISON,,,,,,,,,,,,,,,,,,,0,0,0,0,,,,,,,,1
LOLB,jerry,ROBINSON,,,,,,,,,,,,,,,,,,,1,3,0,23,,,,,,,,2
RCB,l.,WASHINGTON,,,,,,,,,,,,,,,,,,,0,1,0,12,,,,,,,,1
LCB,terry,MCDANIEL,,,,,,,,,,,,,,,,,,,0,2,0,13,,,,,,,,1
FS,eddie,ANDERSON,,,,,,,,,,,,,,,,,,,0,3,0,105,,,,,,,,1
SS,mike,HARDEN,,,,,,,,,,,,,,,,,,,1,3,0,26,,,,,,,,1
K,jeff,JAEGER,,,,,,,,,,,,,,,,,,,,,,,55,54,16,9,,,,0
P,jeff,GOSSETT,,,,,,,,,,,,,,,,,,,,,,,,,,,11,462,,1
QB1,b.j.,TOLLIVER,206,103,25,15,2453,1,13,0,,,,,,,,,,,,,,,,,,,,,,2
QB2,mark,VLASIC,0,0,0,0,0,0,0,0,,,,,,,,,,,,,,,,,,,,,,3
RB1,marion,BUTTS,,,,,,157,1065,12,15,3,342,0,0,0,0,0,0,,,,,,,,,,,,,0
RB2,rod,BERNSTINE,,,,,,0,0,0,3,0,92,0,0,0,0,0,0,,,,,,,,,,,,,3
RB3,joe,CARAVELLO,,,,,,0,0,0,0,0,0,0,0,0,0,0,0,,,,,,,,,,,,,3
RB4,ronnie,HARMON,,,,,,0,0,0,0,0,0,0,0,0,0,0,0,,,,,,,,,,,,,1
WR1,quinn,EARLY,,,,,,54,290,1,29,5,734,0,0,0,0,0,0,,,,,,,,,,,,,3
WR2,anthony,MILLER,,,,,,0,0,0,41,14,924,0,0,0,0,0,0,,,,,,,,,,,,,1
WR3,nate,LEWIS,,,,,,0,0,0,0,0,0,76,1400,0,12,112,0,,,,,,,,,,,,,1
WR4,wayne,WALKER,,,,,,4,14,0,1,1,42,0,0,0,0,0,0,,,,,,,,,,,,,2
TE1,derrick,WALKER,,,,,,0,0,0,14,2,319,0,0,0,0,0,0,,,,,,,,,,,,,0
TE2,arthur,COX,,,,,,0,0,0,0,0,0,0,0,0,0,0,0,,,,,,,,,,,,,2
RE,burt,GROSSMAN,,,,,,,,,,,,,,,,,,,7,0,0,0,,,,,,,,1
NT,les,MILLER,,,,,,,,,,,,,,,,,,,3,0,0,0,,,,,,,,0
LE,lee,WILLIAMS,,,,,,,,,,,,,,,,,,,10,0,0,0,,,,,,,,1
ROLB,leslie,O.NEAL,,,,,,,,,,,,,,,,,,,16,1,1,46,,,,,,,,1
RILB,junior,SEAU,,,,,,,,,,,,,,,,,,,0,0,0,0,,,,,,,,1
LILB,gary,PLUMMER,,,,,,,,,,,,,,,,,,,0,0,0,0,,,,,,,,1
LOLB,henry,ROLLING,,,,,,,,,,,,,,,,,,,2,0,0,0,,,,,,,,3
RCB,sam,SEALE,,,,,,,,,,,,,,,,,,,0,1,0,9,,,,,,,,1
LCB,gill,BYRD,,,,,,,,,,,,,,,,,,,0,10,1,167,,,,,,,,2
FS,vencie,GLENN,,,,,,,,,,,,,,,,,,,0,0,0,0,,,,,,,,0
SS,martin,BAYLESS,,,,,,,,,,,,,,,,,,,4,5,0,37,,,,,,,,2
K,john,CARNEY,,,,,,,,,,,,,,,,,,,,,,,40,36,12,9,,,,1
P,john,KIDD,,,,,,,,,,,,,,,,,,,,,,,,,,,27,1284,,1
QB1,dave,KRIEG,210,127,27,6,3013,1,22,0,,,,,,,,,,,,,,,,,,,,,,2
QB2,kelly,STOUFFER,0,0,0,0,0,0,0,0,,,,,,,,,,,,,,,,,,,,,,1
RB1,john l.,WILLIAMS,,,,,,118,949,7,53,15,1194,0,0,0,0,0,0,,,,,,,,,,,,1,1
RB2,derrick,FENNER,,,,,,134,903,10,8,1,236,0,0,0,0,0,0,,,,,,,,,,,,,3
RB3,james,JONES,,,,,,0,0,0,0,0,0,0,0,0,0,0,0,,,,,,,,,,,,,2
RB4,chris,WARREN,,,,,,0,0,0,0,0,0,62,964,0,13,118,0,,,,,,,,,,,,,0
WR1,brian,BLADES,,,,,,0,0,0,33,4,840,0,0,0,0,0,0,,,,,,,,,,,,,1
WR2,tommy,KANE,,,,,,0,0,0,33,7,743,0,0,0,0,0,0,,,,,,,,,,,,,2
WR3,paul,SKANSI,,,,,,0,0,0,0,0,0,0,0,0,0,0,0,,,,,,,,,,,,,1
WR4,jeff,CHADWICK,,,,,,0,0,0,0,0,0,0,0,0,0,0,0,,,,,,,,,,,,,0
TE1,ron,HELLER,,,,,,0,0,0,0,0,0,0,0,0,0,0,0,,,,,,,,,,,,,2
TE2,travis,MCNEAL,,,,,,0,0,0,0,0,0,0,0,0,0,0,0,,,,,,,,,,,,,0
RE,tony,WOODS,,,,,,,,,,,,,,,,,,,5,0,0,0,,,,,,,,2
NT,joe,NASH,,,,,,,,,,,,,,,,,,,1,0,0,0,,,,,,,,3
LE,jacob,GREEN,,,,,,,,,,,,,,,,,,,12,1,0,14,,,,,,,,0
ROLB,rufus,PORTER,,,,,,,,,,,,,,,,,,,8,1,0,6,,,,,,,,1
RILB,cortez,KENNEDY,,,,,,,,,,,,,,,,,,,2,0,0,0,,,,,,,,3
LILB,david,WYMAN,,,,,,,,,,,,,,,,,,,3,2,0,20,,,,,,,,3
LOLB,terry,WOODEN,,,,,,,,,,,,,,,,,,,0,0,0,0,,,,,,,,0
RCB,patrick,HUNTER,,,,,,,,,,,,,,,,,,,1,2,0,5,,,,,,,,1
LCB,dwayne,HARPER,,,,,,,,,,,,,,,,,,,0,3,1,83,,,,,,,,2
FS,eugene,ROBINSON,,,,,,,,,,,,,,,,,,,2,4,0,8,,,,,,,,1
SS,nesby,GLASGOW,,,,,,,,,,,,,,,,,,,2,2,0,0,,,,,,,,1
K,norm,JOHNSON,,,,,,,,,,,,,,,,,,,,,,,45,44,24,21,,,,1
P,rick,DONNELLY,,,,,,,,,,,,,,,,,,,,,,,,,,,11,491,,1
QB1,mark,RYPIEN,195,122,38,19,3008,0,0,0,,,,,,,,,,,,,,,,,,,,,,2
QB2,stan,HUMPHRIES,0,0,0,0,0,0,0,0,,,,,,,,,,,,,,,,,,,,,,3
RB1,earnest,BYNER,,,,,,127,1134,12,18,2,456,0,0,0,0,0,0,,,,,,,,,,,,,2
RB2,ricky,SANDERS,,,,,,0,0,0,43,13,1128,0,0,0,0,0,0,,,,,,,,,,,,,3
RB3,gerald,RIGGS,,,,,,24,216,1,1,1,43,8,130,0,0,0,0,,,,,,,,,,,,,0
RB4,kelvin,BRYANT,,,,,,0,0,0,0,0,0,0,0,0,0,0,0,,,,,,,,,,,,,2
WR1,art,MONK,,,,,,0,0,0,43,15,999,0,0,0,0,0,0,,,,,,,,,,,,,0
WR2,gary,CLARK,,,,,,52,398,3,14,7,294,0,0,0,0,0,0,,,,,,,,,,,,,2
WR3,brian,MITCHELL,,,,,,0,0,0,0,0,0,61,1009,0,0,0,0,,,,,,,,,,,,,1
WR4,joe,HOWARD,,,,,,0,0,0,0,0,0,0,0,0,16,190,0,,,,,,,,,,,,,0
TE1,don,WARREN,,,,,,0,0,0,3,0,88,0,0,0,0,0,0,,,,,,,,,,,,,0
TE2,jimmie,JOHNSON,,,,,,0,0,0,0,0,0,0,0,0,0,0,0,,,,,,,,,,,,,1
RE,markus,KOCH,,,,,,,,,,,,,,,,,,,4,0,0,0,,,,,,,,0
NT,darryl,GRANT,,,,,,,,,,,,,,,,,,,0,0,0,0,,,,,,,,3
LE,charles,MANN,,,,,,,,,,,,,,,,,,,8,0,0,0,,,,,,,,0
ROLB,wilber,MARSHALL,,,,,,,,,,,,,,,,,,,8,2,0,8,,,,,,,,1
RILB,greg,MANUSKY,,,,,,,,,,,,,,,,,,,0,0,0,0,,,,,,,,2
LILB,tracy,ROCKER,,,,,,,,,,,,,,,,,,,1,0,0,0,,,,,,,,1
LOLB,andre,COLLINS,,,,,,,,,,,,,,,,,,,10,0,0,0,,,,,,,,1
RCB,darrell,GREEN,,,,,,,,,,,,,,,,,,,0,5,0,34,,,,,,,,0
LCB,martin,MAYHEW,,,,,,,,,,,,,,,,,,,0,8,0,53,,,,,,,,0
FS,todd,BOWLES,,,,,,,,,,,,,,,,,,,0,1,0,12,,,,,,,,0
SS,alvin,WALTON,,,,,,,,,,,,,,,,,,,0,1,0,10,,,,,,,,0
K,chip,LOHMILLER,,,,,,,,,,,,,,,,,,,,,,,54,53,11,7,,,,1
P,kelly,GOODBURN,,,,,,,,,,,,,,,,,,,,,,,,,,,16,703,,2
QB1,phil,SIMMS,169,117,40,11,3001,0,0,0,,,,,,,,,,,,,,,,,,,,,,2
QB2,jeff,HOSTETLER,8,6,2,0,131,0,0,0,,,,,,,,,,,,,,,,,,,,,,1
RB1,ottis,ANDERSON,,,,,,104,727,3,18,7,411,0,0,0,0,0,0,,,,,,,,,,,,,0
RB2,david,MEGGETT,,,,,,141,1039,18,24,5,617,57,1219,0,10,121,0,,,,,,,,,,,,,2
RB3,maurice,CARTHON,,,,,,14,82,0,3,1,58,0,0,0,0,0,0,,,,,,,,,,,,,0
RB4,rodney,HAMPTON,,,,,,0,0,0,0,0,0,0,0,0,0,0,0,,,,,,,,,,,,,2
WR1,mark,INGRAM,,,,,,0,0,0,27,10,794,0,0,0,0,0,0,,,,,,,,,,,,,2
WR2,stephen,BAKER,,,,,,0,0,0,26,10,707,0,0,0,0,0,0,,,,,,,,,,,,,0
WR3,stacey,ROBINSON,,,,,,0,0,0,0,0,0,0,0,0,0,0,0,,,,,,,,,,,,,0
WR4,odessa,TURNER,,,,,,0,0,0,0,0,0,0,0,0,0,0,0,,,,,,,,,,,,,3
TE1,mark,BAVARO,,,,,,0,0,0,25,9,545,0,0,0,0,0,0,,,,,,,,,,,,,1
TE2,howard,CROSS,,,,,,0,0,0,0,0,0,0,0,0,0,0,0,,,,,,,,,,,,,1
RE,leonard,MARSHALL,,,,,,,,,,,,,,,,,,,3,0,0,0,,,,,,,,1
NT,erik,HOWARD,,,,,,,,,,,,,,,,,,,5,0,0,0,,,,,,,,1
LE,eric,DORSEY,,,,,,,,,,,,,,,,,,,0,0,0,0,,,,,,,,3
ROLB,lawrence,TAYLOR,,,,,,,,,,,,,,,,,,,20,3,0,37,,,,,,,,0
RILB,pepper,JOHNSON,,,,,,,,,,,,,,,,,,,3,3,0,26,,,,,,,,0
LILB,gary,REASONS,,,,,,,,,,,,,,,,,,,0,2,0,0,,,,,,,,3
LOLB,carl,BANKS,,,,,,,,,,,,,,,,,,,2,0,0,0,,,,,,,,1
RCB,everson,WALLS,,,,,,,,,,,,,,,,,,,0,9,0,62,,,,,,,,0
LCB,mark,COLLINS,,,,,,,,,,,,,,,,,,,0,0,0,0,,,,,,,,3
FS,myron,GUYTON,,,,,,,,,,,,,,,,,,,0,1,0,8,,,,,,,,0
SS,greg,JACKSON,,,,,,,,,,,,,,,,,,,3,5,0,20,,,,,,,,2
K,matt,BAHR,,,,,,,,,,,,,,,,,,,,,,,63,57,12,7,,,,0
P,sean,LANDETA,,,,,,,,,,,,,,,,,,,,,,,,,,,9,461,,2
QB1,qb,EAGLES,199,110,28,18,2631,53,461,5,,,,,,,,,,,,,,,,,,,,,,2
QB2,jim,MCMAHON,0,0,0,0,0,0,0,0,,,,,,,,,,,,,,,,,,,,,,2
RB1,keith,BYARS,,,,,,115,739,4,40,11,937,0,0,0,0,0,0,,,,,,,,,,,,,2
RB2,heath,SHERMAN,,,,,,54,331,2,11,2,279,0,0,0,0,0,0,,,,,,,,,,,,,0
RB3,anthony,TONEY,,,,,,0,0,0,0,0,0,0,0,0,0,0,0,,,,,,,,,,,,,1
RB4,robert,DRUMMOND,,,,,,0,0,0,0,0,0,0,0,0,0,0,0,,,,,,,,,,,,,2
WR1,fred,BARNETT,,,,,,0,0,0,14,2,365,0,0,0,0,0,0,,,,,,,,,,,,,1
WR2,calvin,WILLIAMS,,,,,,0,0,0,22,7,476,0,0,0,14,127,0,,,,,,,,,,,,,0
WR3,mike,QUICK,,,,,,0,0,0,0,0,0,0,0,0,0,0,0,,,,,,,,,,,,,2
WR4,kenny,JACKSON,,,,,,0,0,0,0,0,0,71,1211,0,0,0,0,,,,,,,,,,,,,0
TE1,keith,JACKSON,,,,,,0,0,0,23,6,574,0,0,0,0,0,0,,,,,,,,,,,,,2
TE2,harper,LE BEL,,,,,,0,0,0,0,0,0,0,0,0,0,0,0,,,,,,,,,,,,,3
RE,clyde,SIMMONS,,,,,,,,,,,,,,,,,,,3,0,0,0,,,,,,,,1
NT,mike,GOLIC,,,,,,,,,,,,,,,,,,,0,0,0,0,,,,,,,,1
LE,reggie,WHITE,,,,,,,,,,,,,,,,,,,10,0,0,0,,,,,,,,1
ROLB,jessie,SMALL,,,,,,,,,,,,,,,,,,,0,0,0,0,,,,,,,,1
RILB,jerome,BROWN,,,,,,,,,,,,,,,,,,,4,0,0,0,,,,,,,,0
LILB,byron,EVANS,,,,,,,,,,,,,,,,,,,1,0,0,0,,,,,,,,2
LOLB,seth,JOYNER,,,,,,,,,,,,,,,,,,,9,0,0,0,,,,,,,,0
RCB,eric,ALLEN,,,,,,,,,,,,,,,,,,,0,2,0,0,,,,,,,,2
LCB,ben,SMITH,,,,,,,,,,,,,,,,,,,1,3,0,13,,,,,,,,1
FS,wes,HOPKINS,,,,,,,,,,,,,,,,,,,1,8,1,117,,,,,,,,0
SS,andre,WATERS,,,,,,,,,,,,,,,,,,,2,2,0,5,,,,,,,,2
K,roger,RUZEK,,,,,,,,,,,,,,,,,,,,,,,40,39,17,10,,,,2
P,jeff,FEAGLES,,,,,,,,,,,,,,,,,,,,,,,,,,,21,1003,,2
QB1,timm,ROSENBACH,211,109,17,17,2774,1,16,0,,,,,,,,,,,,,,,,,,,,,,2
QB2,tom,TUPA,0,0,0,0,0,0,0,0,,,,,,,,,,,,,,,,,,,,,,3
RB1,johnny,JOHNSON,,,,,,147,1015,14,17,5,264,0,0,0,0,0,0,,,,,,,,,,,,,1
RB2,roy,GREEN,,,,,,0,0,0,32,3,776,0,0,0,0,0,0,,,,,,,,,,,,,0
RB3,ron,WOLFLEY,,,,,,38,245,1,0,0,0,0,0,0,0,0,0,,,,,,,,,,,,,3
RB4,vai,SIKAHEMA,,,,,,0,0,0,0,0,0,72,1170,0,12,157,0,,,,,,,,,,,,,1
WR1,ricky,PROEHL,,,,,,54,276,4,41,3,1231,0,0,0,0,0,0,,,,,,,,,,,,,1
WR2,ernie,JONES,,,,,,0,0,0,19,6,503,0,0,0,0,0,0,,,,,,,,,,,,,1
WR3,anthony,THOMPSON,,,,,,0,0,0,0,0,0,0,0,0,0,0,0,,,,,,,,,,,,,1
WR4,j.t.,SMITH,,,,,,0,0,0,0,0,0,0,0,0,0,0,0,,,,,,,,,,,,,1
TE1,walter,REEVES,,,,,,0,0,0,0,0,0,0,0,0,0,0,0,,,,,,,,,,,,,0
TE2,tim,JORDEN,,,,,,0,0,0,0,0,0,0,0,0,0,0,0,,,,,,,,,,,,,3
RE,rod,SADDLER,,,,,,,,,,,,,,,,,,,3,0,0,0,,,,,,,,3
NT,jim,WAHLER,,,,,,,,,,,,,,,,,,,0,0,0,0,,,,,,,,0
LE,freddie joe,NUNN,,,,,,,,,,,,,,,,,,,11,0,0,0,,,,,,,,1
ROLB,ken,HARVEY,,,,,,,,,,,,,,,,,,,15,0,0,0,,,,,,,,1
RILB,garth,JAX,,,,,,,,,,,,,,,,,,,6,0,0,0,,,,,,,,2
LILB,eric,HILL,,,,,,,,,,,,,,,,,,,1,1,0,7,,,,,,,,0
LOLB,anthony,BELL,,,,,,,,,,,,,,,,,,,1,0,0,0,,,,,,,,2
RCB,jay,TAYLOR,,,,,,,,,,,,,,,,,,,0,7,0,47,,,,,,,,1
LCB,cedric,MACK,,,,,,,,,,,,,,,,,,,0,4,0,111,,,,,,,,2
FS,lonnie,YOUNG,,,,,,,,,,,,,,,,,,,0,1,0,0,,,,,,,,2
SS,tim,MCDONALD,,,,,,,,,,,,,,,,,,,0,3,0,38,,,,,,,,0
K,al,DEL GRECO,,,,,,,,,,,,,,,,,,,,,,,36,35,19,15,,,,1
P,rich,CAMARILLO,,,,,,,,,,,,,,,,,,,,,,,,,,,17,800,,3
QB1,troy,AIKMAN,199,108,23,20,2595,0,0,0,,,,,,,,,,,,,,,,,,,,,,1
QB2,babe,LAUFENBERG,0,0,0,0,0,0,0,0,,,,,,,,,,,,,,,,,,,,,,1
RB1,emmitt,SMITH,,,,,,100,729,4,22,4,574,0,0,0,0,0,0,,,,,,,,,,,,,1
RB2,tommie,AGEE,,,,,,41,185,1,12,2,231,0,0,0,0,0,0,,,,,,,,,,,,,2
RB3,alonzo,HIGHSMITH,,,,,,5,37,1,2,0,23,9,104,0,1,6,0,,,,,,,,,,,,,3
RB4,robert,PERRYMAN,,,,,,0,0,0,0,0,0,0,0,0,2,30,0,,,,,,,,,,,,,0
WR1,kelvin,MARTIN,,,,,,48,243,4,26,8,561,0,0,0,15,101,0,,,,,,,,,,,,,2
WR2,michael,IRVIN,,,,,,0,0,0,13,2,386,0,0,0,0,0,0,,,,,,,,,,,,,3
WR3,alexander,WRIGHT,,,,,,11,40,1,0,0,0,0,0,0,0,0,0,,,,,,,,,,,,,1
WR4,james,DIXON,,,,,,0,0,0,0,0,0,56,978,0,0,0,0,,,,,,,,,,,,,3
TE1,jay,NOVACEK,,,,,,0,0,0,33,7,820,0,0,0,0,0,0,,,,,,,,,,,,,0
TE2,rob,AWALT,,,,,,0,0,0,0,0,0,0,0,0,0,0,0,,,,,,,,,,,,,3
RE,tony,TOLBERT,,,,,,,,,,,,,,,,,,,7,0,0,0,,,,,,,,2
NT,danny,NOONAN,,,,,,,,,,,,,,,,,,,7,1,0,0,,,,,,,,2
LE,daniel,STUBBS,,,,,,,,,,,,,,,,,,,11,0,0,0,,,,,,,,0
ROLB,ken,NORTON,,,,,,,,,,,,,,,,,,,3,0,0,0,,,,,,,,2
RILB,eugene,LOCKHART,,,,,,,,,,,,,,,,,,,1,0,0,0,,,,,,,,1
LILB,jimmie,JONES,,,,,,,,,,,,,,,,,,,10,0,0,0,,,,,,,,2
LOLB,jack,DEL RIO,,,,,,,,,,,,,,,,,,,2,2,0,11,,,,,,,,2
RCB,manny,HENDRIX,,,,,,,,,,,,,,,,,,,0,0,0,0,,,,,,,,0
LCB,issiac,HOLT,,,,,,,,,,,,,,,,,,,1,5,1,68,,,,,,,,2
FS,ray,HORTON,,,,,,,,,,,,,,,,,,,0,1,0,10,,,,,,,,2
SS,james,WASHINGTON,,,,,,,,,,,,,,,,,,,3,7,0,27,,,,,,,,2
K,ken,WILLIS,,,,,,,,,,,,,,,,,,,,,,,35,34,13,10,,,,0
P,mike,SAXON,,,,,,,,,,,,,,,,,,,,,,,,,,,23,1041,,0
QB1,jim,HARBAUGH,178,107,30,13,2865,0,0,0,,,,,,,,,,,,,,,,,,,,,,2
QB2,mike,TOMCZAK,0,0,0,0,0,0,0,0,,,,,,,,,,,,,,,,,,,,,,1
RB1,brad,MUSTER,,,,,,52,395,3,27,6,728,0,0,0,0,0,0,,,,,,,,,,,,,2
RB2,neal,ANDERSON,,,,,,172,1613,17,24,7,644,0,0,0,0,0,0,,,,,,,,,,,,,3
RB3,mark,GREEN,,,,,,0,0,0,0,0,0,0,0,0,0,0,0,,,,,,,,,,,,,2
RB4,johnny,BAILEY,,,,,,0,0,0,0,0,0,59,1014,0,17,170,0,,,,,,,,,,,,,3
WR1,ron,MORRIS,,,,,,0,0,0,19,5,550,0,0,0,0,0,0,,,,,,,,,,,,,1
WR2,wendell,DAVIS,,,,,,0,0,0,26,9,649,0,0,0,0,0,0,,,,,,,,,,,,,3
WR3,glen,KOZLOWSKI,,,,,,0,0,0,0,0,0,0,0,0,0,0,0,,,,,,,,,,,,,1
WR4,dennis,GENTRY,,,,,,0,0,0,0,0,0,0,0,0,0,0,0,,,,,,,,,,,,,1
TE1,james,THORNTON,,,,,,0,0,0,11,3,294,0,0,0,0,0,0,,,,,,,,,,,,,1
TE2,cap,BOSO,,,,,,0,0,0,0,0,0,0,0,0,0,0,0,,,,,,,,,,,,,1
RE,richard,DENT,,,,,,,,,,,,,,,,,,,21,0,0,0,,,,,,,,1
NT,william,PERRY,,,,,,,,,,,,,,,,,,,2,1,0,0,,,,,,,,1
LE,trace,ARMSTRONG,,,,,,,,,,,,,,,,,,,11,0,0,0,,,,,,,,2
ROLB,jim,MORRISSEY,,,,,,,,,,,,,,,,,,,0,0,0,0,,,,,,,,1
RILB,dan,HAMPTON,,,,,,,,,,,,,,,,,,,1,0,0,0,,,,,,,,0
LILB,mike,SINGLETARY,,,,,,,,,,,,,,,,,,,2,1,0,9,,,,,,,,1
LOLB,ron,RIVERA,,,,,,,,,,,,,,,,,,,1,3,0,24,,,,,,,,0
RCB,lemuel,STINSON,,,,,,,,,,,,,,,,,,,0,6,0,10,,,,,,,,1
LCB,donnell,WOOLFORD,,,,,,,,,,,,,,,,,,,2,1,0,3,,,,,,,,2
FS,mark,CARRIER,,,,,,,,,,,,,,,,,,,0,5,0,51,,,,,,,,1
SS,shaun,GAYLE,,,,,,,,,,,,,,,,,,,1,2,0,10,,,,,,,,2
K,kevin,BUTLER,,,,,,,,,,,,,,,,,,,,,,,50,50,12,8,,,,0
P,maury,BUFORD,,,,,,,,,,,,,,,,,,,,,,,,,,,9,421,,0
QB1,rodney,PEETE,236,140,32,14,3202,48,378,6,,,,,,,,,,,,,,,,,,,,,,2
QB2,andre,WARE,0,0,0,0,0,0,0,0,,,,,,,,,,,,,,,,,,,,,,3
RB1,barry,SANDERS,,,,,,135,1229,8,22,6,475,0,0,0,0,0,0,,,,,,,,,,,,,0
RB2,aubrey,MATTHEWS,,,,,,0,0,0,17,4,417,0,0,0,0,0,0,,,,,,,,,,,,,2
RB3,james,WILDER,,,,,,0,0,0,0,0,0,0,0,0,0,0,0,,,,,,,,,,,,,2
RB4,mel,GRAY,,,,,,0,0,0,0,0,0,77,1181,0,11,86,0,,,,,,,,,,,,,3
WR1,richard,JOHNSON,,,,,,0,0,0,39,6,805,0,0,0,0,0,0,,,,,,,,,,,,,1
WR2,robert,CLARK,,,,,,0,0,0,44,12,1106,0,0,0,0,0,0,,,,,,,,,,,,,0
WR3,willie,GREEN,,,,,,0,0,0,0,0,0,0,0,0,0,0,0,,,,,,,,,,,,,1
WR4,jeff,CAMPBELL,,,,,,0,0,0,0,0,0,0,0,0,0,0,0,,,,,,,,,,,,,2
TE1,terry,GREER,,,,,,0,0,0,18,4,399,0,0,0,0,0,0,,,,,,,,,,,,,2
TE2,mike,FARR,,,,,,0,0,0,0,0,0,0,0,0,0,0,0,,,,,,,,,,,,,2
RE,dan,OWENS,,,,,,,,,,,,,,,,,,,5,0,0,0,,,,,,,,0
NT,jerry,BALL,,,,,,,,,,,,,,,,,,,2,0,0,0,,,,,,,,1
LE,keith,FERGUSON,,,,,,,,,,,,,,,,,,,8,0,0,0,,,,,,,,2
ROLB,michael,COFER,,,,,,,,,,,,,,,,,,,19,1,0,6,,,,,,,,0
RILB,dennis,GIBSON,,,,,,,,,,,,,,,,,,,2,0,0,0,,,,,,,,2
LILB,chris,SPIELMAN,,,,,,,,,,,,,,,,,,,5,1,0,5,,,,,,,,0
LOLB,george,JAMISON,,,,,,,,,,,,,,,,,,,1,1,0,7,,,,,,,,2
RCB,leroy,IRVIN,,,,,,,,,,,,,,,,,,,0,2,0,3,,,,,,,,1
LCB,ray,CROCKETT,,,,,,,,,,,,,,,,,,,0,2,0,26,,,,,,,,1
FS,bennie,BLADES,,,,,,,,,,,,,,,,,,,0,1,0,13,,,,,,,,1
SS,william,WHITE,,,,,,,,,,,,,,,,,,,1,2,0,0,,,,,,,,1
K,eddie,MURRAY,,,,,,,,,,,,,,,,,,,,,,,45,43,14,11,,,,0
P,jim,ARNOLD,,,,,,,,,,,,,,,,,,,,,,,,,,,16,768,,0
QB1,don,MAJKOWSKI,241,115,26,21,2878,0,0,0,,,,,,,,,,,,,,,,,,,,,,3
QB2,anthony,DILWEG,0,0,0,0,0,0,0,0,,,,,,,,,,,,,,,,,,,,,,3
RB1,keith,WOODSIDE,,,,,,70,406,0,20,4,488,0,0,0,0,0,0,,,,,,,,,,,,,2
RB2,michael,HADDIX,,,,,,45,321,5,12,1,348,0,0,0,0,0,0,,,,,,,,,,,,,1
RB3,darrell,THOMPSON,,,,,,0,0,0,0,0,0,0,0,0,0,0,0,,,,,,,,,,,,,1
RB4,herman,FONTENOT,,,,,,0,0,0,0,0,0,0,0,0,0,0,0,,,,,,,,,,,,,0
WR1,sterling,SHARPE,,,,,,33,135,3,34,8,791,0,0,0,0,0,0,,,,,,,,,,,,,2
WR2,perry,KEMP,,,,,,0,0,0,26,7,682,0,0,0,0,0,0,,,,,,,,,,,,,0
WR3,charles,WILSON,,,,,,4,26,0,0,0,0,73,1088,0,0,0,0,,,,,,,,,,,,,0
WR4,jeff,QUERY,,,,,,0,0,0,0,0,0,0,0,0,20,166,0,,,,,,,,,,,,,3
TE1,ed,WEST,,,,,,0,0,0,23,6,569,0,0,0,0,0,0,,,,,,,,,,,,,1
TE2,jackie,HARRIS,,,,,,0,0,0,0,0,0,0,0,0,0,0,0,,,,,,,,,,,,,1
RE,robert,BROWN,,,,,,,,,,,,,,,,,,,6,1,0,0,,,,,,,,1
NT,bob,NELSON,,,,,,,,,,,,,,,,,,,3,0,0,0,,,,,,,,2
LE,matt,BROCK,,,,,,,,,,,,,,,,,,,8,0,0,0,,,,,,,,1
ROLB,tim,HARRIS,,,,,,,,,,,,,,,,,,,20,0,0,0,,,,,,,,3
RILB,johnny,HOLLAND,,,,,,,,,,,,,,,,,,,2,0,0,0,,,,,,,,2
LILB,brian,NOBLE,,,,,,,,,,,,,,,,,,,1,0,0,0,,,,,,,,0
LOLB,scott,STEPHEN,,,,,,,,,,,,,,,,,,,2,4,1,91,,,,,,,,1
RCB,jerry,HOLMES,,,,,,,,,,,,,,,,,,,1,2,0,16,,,,,,,,2
LCB,mark,LEE,,,,,,,,,,,,,,,,,,,2,1,0,10,,,,,,,,1
FS,chuck,CECIL,,,,,,,,,,,,,,,,,,,2,1,0,12,,,,,,,,2
SS,mark,MURPHY,,,,,,,,,,,,,,,,,,,3,5,0,40,,,,,,,,0
K,chris,JACKE,,,,,,,,,,,,,,,,,,,,,,,35,34,18,12,,,,2
P,don,BRACKEN,,,,,,,,,,,,,,,,,,,,,,,,,,,26,1114,,0
QB1,wade,WILSON,196,115,33,12,2759,1,16,0,,,,,,,,,,,,,,,,,,,,,,1
QB2,rich,GANNON,0,0,0,0,0,0,0,0,,,,,,,,,,,,,,,,,,,,,,1
RB1,herschel,WALKER,,,,,,131,1111,11,20,5,511,72,1370,0,0,0,0,,,,,,,,,,,,1,1
RB2,rick,FENNEY,,,,,,54,305,4,7,3,126,0,0,0,0,0,0,,,,,,,,,,,,,3
RB3,jessie,CLARK,,,,,,5,34,0,1,0,27,0,0,0,0,0,0,,,,,,,,,,,,,0
RB4,alfred,ANDERSON,,,,,,0,0,0,0,0,0,0,0,0,0,0,0,,,,,,,,,,,,,1
WR1,hassan,JONES,,,,,,51,357,0,20,7,482,0,0,0,0,0,0,,,,,,,,,,,,,2
WR2,anthony,CARTER,,,,,,0,0,0,41,10,916,0,0,0,0,0,0,,,,,,,,,,,,,1
WR3,leo,LEWIS,,,,,,0,0,0,0,0,0,0,0,0,15,149,0,,,,,,,,,,,,,0
WR4,cris,CARTER,,,,,,0,0,0,0,0,0,0,0,0,0,0,0,,,,,,,,,,,,,2
TE1,steve,JORDAN,,,,,,0,0,0,26,8,697,0,0,0,0,0,0,,,,,,,,,,,,,3
TE2,mike,JONES,,,,,,0,0,0,0,0,0,0,0,0,0,0,0,,,,,,,,,,,,,1
RE,chris,DOLEMAN,,,,,,,,,,,,,,,,,,,13,4,0,25,,,,,,,,0
NT,henry,THOMAS,,,,,,,,,,,,,,,,,,,4,1,0,5,,,,,,,,1
LE,al,NOGA,,,,,,,,,,,,,,,,,,,6,2,0,20,,,,,,,,1
ROLB,m.,MERRIWEATHER,,,,,,,,,,,,,,,,,,,4,1,0,5,,,,,,,,2
RILB,keith,MILLARD,,,,,,,,,,,,,,,,,,,3,0,0,0,,,,,,,,2
LILB,scott,STUDWELL,,,,,,,,,,,,,,,,,,,0,0,0,0,,,,,,,,2
LOLB,ray,BERRY,,,,,,,,,,,,,,,,,,,0,0,0,0,,,,,,,,3
RCB,reggie,RUTLAND,,,,,,,,,,,,,,,,,,,0,1,0,10,,,,,,,,1
LCB,carl,LEE,,,,,,,,,,,,,,,,,,,0,2,0,10,,,,,,,,1
FS,d.,FULLINGTON,,,,,,,,,,,,,,,,,,,3,0,0,0,,,,,,,,0
SS,joey,BROWNER,,,,,,,,,,,,,,,,,,,5,4,0,26,,,,,,,,2
K,fuad,REVEIZ,,,,,,,,,,,,,,,,,,,,,,,48,48,18,13,,,,0
P,harry,NEWSOME,,,,,,,,,,,,,,,,,,,,,,,,,,,17,715,,1
QB1,vinny,TESTAVERDE,193,105,20,24,2647,6,51,0,,,,,,,,,,,,,,,,,,,,,,1
QB2,jeff,CARLSON,0,0,0,0,0,0,0,0,,,,,,,,,,,,,,,,,,,,,,2
RB1,gary,ANDERSON,,,,,,122,899,3,15,1,458,0,0,0,0,0,0,,,,,,,,,,,,,0
RB2,reggie,COBB,,,,,,124,793,9,34,7,769,0,0,0,0,0,0,,,,,,,,,,,,,1
RB3,bruce,PERKINS,,,,,,0,0,0,0,0,0,0,0,0,0,0,0,,,,,,,,,,,,,2
RB4,john,HARVEY,,,,,,0,0,0,0,0,0,0,0,0,0,0,0,,,,,,,,,,,,,1
WR1,mark,CARRIER,,,,,,0,0,0,20,1,509,0,0,0,0,0,0,,,,,,,,,,,,,2
WR2,bruce,HILL,,,,,,0,0,0,22,6,669,0,0,0,0,0,0,,,,,,,,,,,,,2
WR3,danny,PEEBLES,,,,,,0,0,0,0,0,0,69,1085,0,0,0,0,,,,,,,,,,,,,0
WR4,willie,DREWREY,,,,,,0,0,0,0,0,0,0,0,0,14,125,0,,,,,,,,,,,,,2
TE1,ron,HALL,,,,,,0,0,0,14,5,242,0,0,0,0,0,0,,,,,,,,,,,,,1
TE2,jesse,ANDERSON,,,,,,0,0,0,0,0,0,0,0,0,0,0,0,,,,,,,,,,,,,0
RE,jim,SKOW,,,,,,,,,,,,,,,,,,,1,0,0,0,,,,,,,,1
NT,tim,NEWTON,,,,,,,,,,,,,,,,,,,6,0,0,0,,,,,,,,3
LE,rueben,DAVIS,,,,,,,,,,,,,,,,,,,1,0,0,0,,,,,,,,2
ROLB,kevin,MURPHY,,,,,,,,,,,,,,,,,,,13,0,0,0,,,,,,,,0
RILB,winston,MOSS,,,,,,,,,,,,,,,,,,,5,0,0,0,,,,,,,,3
LILB,eugene,MARVE,,,,,,,,,,,,,,,,,,,5,0,0,0,,,,,,,,1
LOLB,broderick,THOMAS,,,,,,,,,,,,,,,,,,,13,0,0,0,,,,,,,,2
RCB,wayne,HADDIX,,,,,,,,,,,,,,,,,,,0,5,1,86,,,,,,,,1
LCB,ricky,REYNOLDS,,,,,,,,,,,,,,,,,,,0,4,0,37,,,,,,,,1
FS,harry,HAMILTON,,,,,,,,,,,,,,,,,,,0,1,0,13,,,,,,,,1
SS,mark,ROBINSON,,,,,,,,,,,,,,,,,,,1,2,0,9,,,,,,,,2
K,steve,CHRISTIE,,,,,,,,,,,,,,,,,,,,,,,33,29,19,16,,,,0
P,mark,ROYALS,,,,,,,,,,,,,,,,,,,,,,,,,,,15,647,,3
QB1,joe,MONTANA,210,148,42,12,3862,3,13,0,,,,,,,,,,,,,,,,,,,,,,1
QB2,steve,YOUNG,0,0,0,0,0,0,0,0,,,,,,,,,,,,,,,,,,,,,,3
RB1,roger,CRAIG,,,,,,77,534,5,13,1,338,0,0,0,0,0,0,,,,,,,,,,,,,1
RB2,tom,RATHMAN,,,,,,80,540,15,13,3,239,0,0,0,0,0,0,,,,,,,,,,,,,3
RB3,dexter,CARTER,,,,,,12,93,0,2,1,23,54,1063,0,0,0,0,,,,,,,,,,,,,1
RB4,harry,SYDNEY,,,,,,0,0,0,0,0,0,0,0,0,0,0,0,,,,,,,,,,,,,2
WR1,john,TAYLOR,,,,,,0,0,0,28,8,690,0,0,0,20,230,0,,,,,,,,,,,,,2
WR2,jerry,RICE,,,,,,0,0,0,70,22,1990,0,0,0,0,0,0,,,,,,,,,,,,,2
WR3,mike,WILSON,,,,,,0,0,0,0,0,0,0,0,0,0,0,0,,,,,,,,,,,,,1
WR4,mike,SHERRARD,,,,,,0,0,0,0,0,0,0,0,0,0,0,0,,,,,,,,,,,,,1
TE1,brent,JONES,,,,,,0,0,0,22,7,582,0,0,0,0,0,0,,,,,,,,,,,,,3
TE2,jamie,WILLIAMS,,,,,,0,0,0,0,0,0,0,0,0,0,0,0,,,,,,,,,,,,,2
RE,kevin,FAGAN,,,,,,,,,,,,,,,,,,,10,0,0,0,,,,,,,,1
NT,michael,CARTER,,,,,,,,,,,,,,,,,,,1,0,0,0,,,,,,,,1
LE,pierce,HOLT,,,,,,,,,,,,,,,,,,,11,0,0,0,,,,,,,,2
ROLB,bill,ROMANOWSKI,,,,,,,,,,,,,,,,,,,0,0,0,0,,,,,,,,0
RILB,keith,DELONG,,,,,,,,,,,,,,,,,,,0,0,0,0,,,,,,,,1
LILB,matt,MILLEN,,,,,,,,,,,,,,,,,,,0,0,0,0,,,,,,,,3
LOLB,charles,HALEY,,,,,,,,,,,,,,,,,,,22,0,0,0,,,,,,,,0
RCB,don,GRIFFIN,,,,,,,,,,,,,,,,,,,0,7,1,66,,,,,,,,3
LCB,darryl,POLLARD,,,,,,,,,,,,,,,,,,,0,2,0,16,,,,,,,,1
FS,ronnie,LOTT,,,,,,,,,,,,,,,,,,,0,4,0,19,,,,,,,,0
SS,dave,WAYMER,,,,,,,,,,,,,,,,,,,0,8,0,62,,,,,,,,1
K,mike,COFER,,,,,,,,,,,,,,,,,,,,,,,63,58,10,8,,,,2
P,barry,HELTON,,,,,,,,,,,,,,,,,,,,,,,,,,,13,543,,2
QB1,jim,EVERETT,235,133,34,18,3576,1,7,0,,,,,,,,,,,,,,,,,,,,,,1
QB2,chuck,LONG,0,0,0,0,0,0,0,0,,,,,,,,,,,,,,,,,,,,,,0
RB1,cleveland,GARY,,,,,,79,710,9,18,3,525,0,0,0,0,0,0,,,,,,,,,,,,,2
RB2,curt,WARNER,,,,,,68,492,12,8,0,204,0,0,0,0,0,0,,,,,,,,,,,,,0
RB3,gaston,GREEN,,,,,,2,11,0,0,0,0,83,1754,0,0,0,0,,,,,,,,,,,,,2
RB4,buford,MCGEE,,,,,,0,0,0,0,0,0,0,0,0,0,0,0,,,,,,,,,,,,,0
WR1,henry,ELLARD,,,,,,0,0,0,44,14,1145,0,0,0,9,85,0,,,,,,,,,,,,,1
WR2,willie,ANDERSON,,,,,,0,0,0,37,9,1010,0,0,0,0,0,0,,,,,,,,,,,,,1
WR3,derrick,FAISON,,,,,,0,0,0,0,0,0,0,0,0,0,0,0,,,,,,,,,,,,,0
WR4,aaron,COX,,,,,,0,0,0,0,0,0,0,0,0,0,0,0,,,,,,,,,,,,,1
TE1,pete,HOLOHAN,,,,,,0,0,0,26,8,692,0,0,0,0,0,0,,,,,,,,,,,,,0
TE2,damone,JOHNSON,,,,,,0,0,0,0,0,0,0,0,0,0,0,0,,,,,,,,,,,,,1
RE,brian,SMITH,,,,,,,,,,,,,,,,,,,1,0,0,0,,,,,,,,2
NT,alvin,WRIGHT,,,,,,,,,,,,,,,,,,,5,0,0,0,,,,,,,,0
LE,doug,REED,,,,,,,,,,,,,,,,,,,6,0,0,0,,,,,,,,0
ROLB,mike,WILCHER,,,,,,,,,,,,,,,,,,,2,0,0,0,,,,,,,,2
RILB,fred,STRICKLAND,,,,,,,,,,,,,,,,,,,3,0,0,0,,,,,,,,1
LILB,frank,STAMS,,,,,,,,,,,,,,,,,,,6,0,0,0,,,,,,,,1
LOLB,kevin,GREENE,,,,,,,,,,,,,,,,,,,6,0,0,0,,,,,,,,1
RCB,bobby,HUMPHERY,,,,,,,,,,,,,,,,,,,1,4,0,21,,,,,,,,1
LCB,jerry,GRAY,,,,,,,,,,,,,,,,,,,1,0,0,0,,,,,,,,0
FS,anthony,NEWMAN,,,,,,,,,,,,,,,,,,,2,2,0,14,,,,,,,,1
SS,vince,NEWSOME,,,,,,,,,,,,,,,,,,,0,4,0,24,,,,,,,,2
K,mike,LANSFORD,,,,,,,,,,,,,,,,,,,,,,,55,50,9,5,,,,0
P,keith,ENGLISH,,,,,,,,,,,,,,,,,,,,,,,,,,,12,527,,3
QB1,steve,WALSH,190,114,19,14,2838,1,13,0,,,,,,,,,,,,,,,,,,,,,,0
QB2,john,FOURCADE,0,0,0,0,0,0,0,0,,,,,,,,,,,,,,,,,,,,,,1
RB1,craig,HEYWARD,,,,,,106,845,7,27,8,612,0,0,0,0,0,0,,,,,,,,,,,,,1
RB2,dalton,HILLIARD,,,,,,103,739,15,13,1,326,0,0,0,0,0,0,,,,,,,,,,,,,0
RB3,rueben,MAYES,,,,,,0,0,0,0,0,0,0,0,0,0,0,0,,,,,,,,,,,,,0
RB4,gil,FENERTY,,,,,,0,0,0,0,0,0,57,984,0,21,206,0,,,,,,,,,,,,,2
WR1,eric,MARTIN,,,,,,0,0,0,41,6,1024,0,0,0,0,0,0,,,,,,,,,,,,,0
WR2,brent,PERRIMAN,,,,,,0,0,0,24,4,671,0,0,0,0,0,0,,,,,,,,,,,,,2
WR3,lonzell,HILL,,,,,,0,0,0,0,0,0,0,0,0,0,0,0,,,,,,,,,,,,,2
WR4,floyd,TURNER,,,,,,0,0,0,0,0,0,0,0,0,0,0,0,,,,,,,,,,,,,2
TE1,hoby,BRENNER,,,,,,0,0,0,9,0,205,0,0,0,0,0,0,,,,,,,,,,,,,1
TE2,john,TICE,,,,,,0,0,0,0,0,0,0,0,0,0,0,0,,,,,,,,,,,,,1
RE,renaldo,TURNBULL,,,,,,,,,,,,,,,,,,,7,0,0,0,,,,,,,,0
NT,jim,WILKS,,,,,,,,,,,,,,,,,,,8,0,0,0,,,,,,,,3
LE,wayne,MARTIN,,,,,,,,,,,,,,,,,,,5,0,0,0,,,,,,,,0
ROLB,pat,SWILLING,,,,,,,,,,,,,,,,,,,10,1,0,11,,,,,,,,2
RILB,vaughan,JOHNSON,,,,,,,,,,,,,,,,,,,0,0,0,0,,,,,,,,0
LILB,sam,MILLS,,,,,,,,,,,,,,,,,,,0,0,0,0,,,,,,,,1
LOLB,rickey,JACKSON,,,,,,,,,,,,,,,,,,,8,0,0,0,,,,,,,,2
RCB,toi,COOK,,,,,,,,,,,,,,,,,,,2,4,0,16,,,,,,,,1
LCB,robert,MASSEY,,,,,,,,,,,,,,,,,,,0,0,0,0,,,,,,,,2
FS,gene,ATKINS,,,,,,,,,,,,,,,,,,,6,4,0,26,,,,,,,,1
SS,brett,MAXIE,,,,,,,,,,,,,,,,,,,2,2,1,61,,,,,,,,2
K,morten,ANDERSEN,,,,,,,,,,,,,,,,,,,,,,,41,40,20,16,,,,1
P,tommy,BARNHARDT,,,,,,,,,,,,,,,,,,,,,,,,,,,11,547,,2
QB1,chris,MILLER,230,125,28,21,3185,44,258,5,,,,,,,,,,,,,,,,,,,,,,0
QB2,hugh,MILLEN,0,0,0,0,0,0,0,0,,,,,,,,,,,,,,,,,,,,,,0
RB1,mike,ROZIER,,,,,,138,856,6,6,2,146,0,0,0,0,0,0,,,,,,,,,,,,,2
RB2,michael,HAYNES,,,,,,0,0,0,16,4,458,0,0,0,0,0,0,,,,,,,,,,,,,0
RB3,steve,BROUSSARD,,,,,,0,0,0,0,0,0,0,0,0,0,0,0,,,,,,,,,,,,,2
RB4,keith,JONES,,,,,,0,0,0,0,0,0,76,1400,0,0,0,0,,,,,,,,,,,,,0
WR1,floyd,DIXON,,,,,,0,0,0,30,7,726,0,0,0,0,0,0,,,,,,,,,,,,,2
WR2,andre,RISON,,,,,,0,0,0,53,10,1354,0,0,0,16,192,0,,,,,,,,,,,,,1
WR3,tracy,JOHNSON,,,,,,0,0,0,0,0,0,0,0,0,0,0,0,,,,,,,,,,,,,3
WR4,george,THOMAS,,,,,,0,0,0,0,0,0,0,0,0,0,0,0,,,,,,,,,,,,,0
TE1,shawn,COLLINS,,,,,,0,0,0,20,5,501,0,0,0,0,0,0,,,,,,,,,,,,,0
TE2,gary,WILKINS,,,,,,0,0,0,0,0,0,0,0,0,0,0,0,,,,,,,,,,,,,1
RE,tim,GREEN,,,,,,,,,,,,,,,,,,,13,1,0,0,,,,,,,,0
NT,tory,EPPS,,,,,,,,,,,,,,,,,,,4,0,0,0,,,,,,,,2
LE,mike,GANN,,,,,,,,,,,,,,,,,,,4,0,0,0,,,,,,,,2
ROLB,darion,CONNER,,,,,,,,,,,,,,,,,,,1,0,0,0,,,,,,,,1
RILB,john,RADE,,,,,,,,,,,,,,,,,,,0,0,0,0,,,,,,,,2
LILB,jessie,TUGGLE,,,,,,,,,,,,,,,,,,,0,0,0,0,,,,,,,,1
LOLB,michael,REID,,,,,,,,,,,,,,,,,,,5,1,0,14,,,,,,,,0
RCB,deion,SANDERS,,,,,,,,,,,,,,,,,,,0,2,0,14,,,,,,,,3
LCB,charles,DIMRY,,,,,,,,,,,,,,,,,,,0,3,0,21,,,,,,,,0
FS,scott,CASE,,,,,,,,,,,,,,,,,,,4,2,1,39,,,,,,,,1
SS,brian,JORDAN,,,,,,,,,,,,,,,,,,,1,4,0,14,,,,,,,,0
K,greg,DAVIS,,,,,,,,,,,,,,,,,,,,,,,40,39,12,10,,,,1
P,scott,FULHAGE,,,,,,,,,,,,,,,,,,,,,,,,,,,20,942,,1
